time,GHI,DNI,DHI,Temperature,Relative Humidity,Pressure,Wind Speed,Solar Zenith Angle,Cloud Type,pv
2018-07-01 06:00:00,143.0,436.0,56.0,16.2,84.87,1014.0,3.3,78.51,0.0,0.077255115
2018-07-01 06:30:00,234.0,537.0,76.0,16.9,81.27,1015.0,3.2,72.89,0.0,0.4102634
2018-07-01 07:00:00,333.0,624.0,90.0,17.6,77.79,1015.0,3.1,67.13,0.0,1.4256401
2018-07-01 07:30:00,436.0,707.0,96.0,18.4,73.98,1015.0,2.9,61.28,0.0,3.3157287
2018-07-01 08:00:00,535.0,757.0,105.0,19.2,69.1,1015.0,2.7,55.37,0.0,5.809145
2018-07-01 08:30:00,628.0,795.0,111.0,20.0,65.76,1015.0,2.7,49.42,0.0,8.263193
2018-07-01 09:00:00,716.0,826.0,117.0,20.8,60.76,1015.0,2.6,43.47,0.0,11.201641
2018-07-01 09:30:00,795.0,851.0,121.0,21.5,58.22,1015.0,2.7,37.58,0.0,13.861354
2018-07-01 10:00:00,864.0,872.0,123.0,22.2,53.61,1015.0,2.7,31.8,0.0,16.291656
2018-07-01 10:30:00,921.0,887.0,126.0,22.6,52.32,1015.0,2.8,26.26,0.0,18.311457
2018-07-01 11:00:00,964.0,897.0,128.0,23.1,48.72,1015.0,3.0,21.18,0.0,19.956566
2018-07-01 11:30:00,992.0,904.0,128.0,23.4,47.85,1015.0,3.1,17.01,0.0,21.33947
2018-07-01 12:00:00,1006.0,908.0,127.0,23.6,45.7,1015.0,3.3,14.59,0.0,22.398043
2018-07-01 12:30:00,1003.0,900.0,133.0,23.6,45.7,1015.0,3.4,14.81,0.0,22.630207
2018-07-01 13:00:00,984.0,886.0,139.0,23.6,45.21,1015.0,3.6,17.57,0.0,23.286938
2018-07-01 13:30:00,954.0,880.0,138.0,23.3,46.03,1015.0,3.6,21.92,0.0,23.139875
2018-07-01 14:00:00,910.0,871.0,135.0,23.0,47.31,1015.0,3.7,27.1,0.0,22.862787
2018-07-01 14:30:00,852.0,857.0,131.0,22.5,48.76,1015.0,3.7,32.69,0.0,22.389183
2018-07-01 15:00:00,783.0,839.0,126.0,22.1,50.41,1015.0,3.7,38.49,0.0,21.395874
2018-07-01 15:30:00,703.0,815.0,121.0,21.5,52.29,1015.0,3.7,44.4,0.0,18.099024
2018-07-01 16:00:00,615.0,785.0,114.0,21.0,54.07,1014.0,3.6,50.35,0.0,16.555172
2018-07-01 16:30:00,520.0,747.0,106.0,20.3,56.44,1014.0,3.6,56.3,0.0,14.157024
2018-07-01 17:00:00,421.0,696.0,96.0,19.6,59.14,1014.0,3.5,62.2,0.0,12.094025
2018-07-01 17:30:00,321.0,629.0,86.0,18.7,62.54,1014.0,3.4,68.04,0.0,9.507762
2018-07-01 18:00:00,222.0,538.0,72.0,17.8,66.62,1014.0,3.3,73.78,0.0,6.6289487
2018-07-01 18:30:00,130.0,406.0,55.0,16.8,70.95,1014.0,3.2,79.39,0.0,4.2475443
2018-07-02 06:30:00,186.0,299.0,98.0,16.4,83.22,1014.0,2.3,72.96,0.0,0.2220676
2018-07-02 07:00:00,162.0,5.0,160.0,17.1,80.22,1014.0,2.2,67.21,3.0,1.1861302
2018-07-02 07:30:00,199.0,5.0,197.0,17.8,76.76,1014.0,2.1,61.36,3.0,2.1106637
2018-07-02 08:00:00,278.0,20.0,267.0,18.5,71.35,1014.0,2.0,55.44,3.0,2.5012662
2018-07-02 08:30:00,488.0,279.0,307.0,19.2,68.31,1014.0,2.0,49.49,3.0,4.4853363
2018-07-02 09:00:00,674.0,650.0,203.0,20.0,62.13,1014.0,2.0,43.55,0.0,5.0528073
2018-07-02 09:30:00,746.0,671.0,215.0,20.6,59.88,1014.0,2.0,37.65,0.0,6.512441
2018-07-02 10:00:00,789.0,615.0,267.0,21.2,53.04,1014.0,2.1,31.88,0.0,13.141225
2018-07-02 10:30:00,844.0,635.0,275.0,21.6,51.76,1014.0,2.2,26.34,0.0,13.611434
2018-07-02 11:00:00,887.0,649.0,282.0,22.0,46.33,1014.0,2.3,21.26,0.0,16.78804
2018-07-02 11:30:00,917.0,660.0,286.0,22.2,45.77,1014.0,2.5,17.1,0.0,18.964346
2018-07-02 12:00:00,931.0,665.0,288.0,22.3,42.35,1013.0,2.7,14.67,0.0,18.433435
2018-07-02 12:30:00,931.0,668.0,285.0,22.3,42.35,1013.0,2.9,14.87,0.0,18.340807
2018-07-02 13:00:00,916.0,666.0,281.0,22.2,41.67,1013.0,3.1,17.61,0.0,21.521679
2018-07-02 13:30:00,885.0,656.0,277.0,22.0,42.18,1013.0,3.3,21.95,0.0,21.148651
2018-07-02 14:00:00,841.0,644.0,268.0,21.7,44.17,1013.0,3.5,27.11,0.0,20.75865
2018-07-02 14:30:00,785.0,628.0,256.0,21.2,45.5,1012.0,3.6,32.69,0.0,20.268518
2018-07-02 15:00:00,719.0,607.0,244.0,20.7,47.93,1012.0,3.7,38.49,0.0,20.138292
2018-07-02 15:30:00,642.0,580.0,228.0,20.1,49.73,1012.0,3.7,44.4,0.0,19.79738
2018-07-02 16:00:00,558.0,548.0,208.0,19.4,52.28,1012.0,3.7,50.35,0.0,17.46933
2018-07-02 16:30:00,468.0,509.0,186.0,18.7,54.6,1012.0,3.7,56.3,0.0,12.989092
2018-07-02 17:00:00,375.0,461.0,160.0,18.0,57.21,1012.0,3.6,62.21,0.0,10.117445
2018-07-02 17:30:00,281.0,399.0,132.0,17.1,60.54,1012.0,3.6,68.05,0.0,9.139087
2018-07-02 18:00:00,190.0,322.0,100.0,16.2,66.27,1012.0,3.5,73.79,0.0,7.8738866
2018-07-02 18:30:00,106.0,223.0,65.0,15.4,69.74,1012.0,3.4,79.4,0.0,5.3884997
2018-07-02 19:00:00,38.0,108.0,28.0,14.6,76.97,1012.0,3.3,84.81,0.0,4.3052287
2018-07-03 06:00:00,144.0,419.0,62.0,14.8,84.89,1010.0,3.3,78.67,0.0,0.1615257
2018-07-03 06:30:00,239.0,546.0,80.0,15.3,82.22,1010.0,3.2,73.04,0.0,0.3892244
2018-07-03 07:00:00,339.0,634.0,94.0,15.9,79.76,1010.0,3.1,67.29,0.0,0.6769572
2018-07-03 07:30:00,442.0,706.0,104.0,16.6,76.37,1011.0,3.1,61.43,0.0,2.230316
2018-07-03 08:00:00,543.0,761.0,112.0,17.4,72.27,1011.0,3.0,55.52,0.0,3.749063
2018-07-03 08:30:00,638.0,803.0,117.0,18.1,69.16,1011.0,3.0,49.57,0.0,8.567577
2018-07-03 09:00:00,728.0,837.0,122.0,18.8,65.06,1011.0,3.1,43.63,0.0,11.624471
2018-07-03 09:30:00,807.0,859.0,128.0,19.4,62.68,1011.0,3.1,37.73,0.0,14.443833
2018-07-03 10:00:00,875.0,876.0,132.0,19.9,59.71,1011.0,3.2,31.96,0.0,16.892193
2018-07-03 10:30:00,931.0,890.0,134.0,20.4,57.89,1011.0,3.3,26.42,0.0,19.10711
2018-07-03 11:00:00,975.0,901.0,136.0,20.8,55.32,1011.0,3.4,21.35,0.0,20.416576
2018-07-03 11:30:00,1004.0,908.0,137.0,21.0,54.65,1011.0,3.5,17.19,0.0,21.54552
2018-07-03 12:00:00,1017.0,912.0,135.0,21.3,52.62,1011.0,3.5,14.76,0.0,22.44042
2018-07-03 12:30:00,1016.0,911.0,136.0,21.3,52.62,1011.0,3.6,14.94,0.0,23.023382
2018-07-03 13:00:00,1000.0,908.0,135.0,21.4,51.75,1011.0,3.7,17.66,0.0,23.261246
2018-07-03 13:30:00,969.0,903.0,132.0,21.3,52.07,1011.0,3.7,21.97,0.0,23.102568
2018-07-03 14:00:00,925.0,896.0,128.0,21.3,51.99,1011.0,3.7,27.13,0.0,22.751514
2018-07-03 14:30:00,867.0,884.0,123.0,21.1,52.62,1011.0,3.7,32.71,0.0,21.930769
2018-07-03 15:00:00,797.0,867.0,118.0,21.0,52.94,1011.0,3.7,38.5,0.0,20.74201
2018-07-03 15:30:00,717.0,844.0,114.0,20.6,54.26,1011.0,3.7,44.41,0.0,19.79419
2018-07-03 16:00:00,627.0,815.0,107.0,20.3,55.24,1011.0,3.6,50.36,0.0,18.032015
2018-07-03 16:30:00,531.0,776.0,100.0,19.8,56.97,1011.0,3.6,56.3,0.0,16.190609
2018-07-03 17:00:00,431.0,725.0,93.0,19.3,58.65,1010.0,3.6,62.21,0.0,13.484094
2018-07-03 17:30:00,329.0,656.0,84.0,18.5,61.7,1011.0,3.5,68.06,0.0,10.178586
2018-07-03 18:00:00,228.0,559.0,72.0,17.8,64.9,1011.0,3.5,73.8,0.0,7.2784085
2018-07-03 18:30:00,133.0,421.0,56.0,16.8,69.11,1011.0,3.4,79.42,0.0,4.919994
2018-07-04 06:00:00,145.0,456.0,56.0,14.6,79.31,1014.0,3.2,78.75,0.0,0.13397078
2018-07-04 06:30:00,240.0,584.0,71.0,15.2,76.31,1014.0,3.1,73.13,0.0,0.46975496
2018-07-04 07:00:00,342.0,674.0,83.0,15.8,73.16,1015.0,3.1,67.37,0.0,0.94040287
2018-07-04 07:30:00,444.0,742.0,90.0,16.4,70.42,1015.0,3.1,61.51,0.0,2.6500556
2018-07-04 08:00:00,545.0,795.0,96.0,17.1,67.41,1015.0,3.1,55.6,0.0,5.2715073
2018-07-04 08:30:00,641.0,835.0,100.0,17.8,64.5,1015.0,3.1,49.65,0.0,8.906065
2018-07-04 09:00:00,730.0,869.0,102.0,18.5,61.82,1015.0,3.2,43.71,0.0,12.347478
2018-07-04 09:30:00,808.0,886.0,108.0,19.1,59.55,1015.0,3.2,37.81,0.0,13.867995
2018-07-04 10:00:00,875.0,898.0,114.0,19.8,57.02,1016.0,3.3,32.04,0.0,16.541176
2018-07-04 10:30:00,932.0,913.0,115.0,20.3,55.28,1016.0,3.3,26.51,0.0,19.732779
2018-07-04 11:00:00,975.0,926.0,113.0,20.8,53.09,1016.0,3.4,21.44,0.0,21.553041
2018-07-04 11:30:00,1004.0,934.0,112.0,21.0,52.44,1016.0,3.5,17.28,0.0,22.892714
2018-07-04 12:00:00,1019.0,940.0,110.0,21.3,50.91,1016.0,3.6,14.85,0.0,23.89056
2018-07-04 12:30:00,1019.0,942.0,109.0,21.4,50.55,1015.0,3.6,15.02,0.0,24.573559
2018-07-04 13:00:00,1004.0,941.0,108.0,21.5,48.94,1015.0,3.6,17.71,0.0,24.640331
2018-07-04 13:30:00,975.0,937.0,106.0,21.5,48.94,1015.0,3.6,22.01,0.0,24.648996
2018-07-04 14:00:00,931.0,931.0,103.0,21.6,47.22,1015.0,3.5,27.15,0.0,24.381433
2018-07-04 14:30:00,875.0,921.0,100.0,21.4,47.8,1015.0,3.5,32.72,0.0,23.820646
2018-07-04 15:00:00,806.0,907.0,96.0,21.3,46.86,1014.0,3.5,38.51,0.0,22.807188
2018-07-04 15:30:00,725.0,887.0,91.0,21.0,47.73,1014.0,3.5,44.42,0.0,21.389238
2018-07-04 16:00:00,637.0,862.0,87.0,20.8,47.58,1014.0,3.5,50.37,0.0,19.702772
2018-07-04 16:30:00,542.0,829.0,82.0,20.2,49.37,1014.0,3.5,56.31,0.0,17.529581
2018-07-04 17:00:00,441.0,785.0,75.0,19.7,50.94,1014.0,3.5,62.23,0.0,14.916682
2018-07-04 17:30:00,338.0,723.0,68.0,18.9,53.53,1014.0,3.5,68.07,0.0,12.041045
2018-07-04 18:00:00,236.0,638.0,58.0,18.1,57.8,1014.0,3.5,73.82,0.0,8.87752
2018-07-04 18:30:00,140.0,512.0,46.0,17.0,62.0,1015.0,3.3,79.43,0.0,5.7332993
2018-07-05 06:30:00,86.0,88.0,61.0,15.4,78.34,1019.0,2.0,73.21,3.0,0.20828798
2018-07-05 07:00:00,105.0,0.0,105.0,16.2,71.07,1020.0,2.0,67.45,3.0,0.8775717
2018-07-05 07:30:00,208.0,15.0,201.0,17.1,67.13,1020.0,1.8,61.6,3.0,2.0013597
2018-07-05 08:00:00,460.0,459.0,201.0,18.0,61.66,1020.0,1.7,55.68,3.0,3.402954
2018-07-05 08:30:00,649.0,881.0,80.0,18.9,58.3,1020.0,1.5,49.73,0.0,5.9635673
2018-07-05 09:00:00,738.0,906.0,84.0,19.9,53.47,1020.0,1.3,43.79,0.0,8.65405
2018-07-05 09:30:00,817.0,926.0,86.0,20.9,50.28,1020.0,1.2,37.9,0.0,14.206045
2018-07-05 10:00:00,886.0,941.0,89.0,21.9,45.29,1020.0,1.1,32.13,0.0,16.595747
2018-07-05 10:30:00,942.0,952.0,91.0,22.7,43.15,1020.0,1.2,26.6,0.0,18.537657
2018-07-05 11:00:00,984.0,959.0,92.0,23.6,39.38,1020.0,1.3,21.54,0.0,20.121992
2018-07-05 11:30:00,1012.0,964.0,92.0,24.3,37.73,1019.0,1.6,17.39,0.0,21.456387
2018-07-05 12:00:00,1026.0,966.0,93.0,24.9,36.66,1019.0,1.8,14.95,0.0,22.486874
2018-07-05 12:30:00,1022.0,957.0,98.0,25.2,36.01,1019.0,2.1,15.1,0.0,23.280582
2018-07-05 13:00:00,1002.0,942.0,105.0,25.5,36.2,1019.0,2.5,17.77,0.0,23.728115
2018-07-05 13:30:00,971.0,938.0,102.0,25.5,36.2,1019.0,2.7,22.05,0.0,23.733515
2018-07-05 14:00:00,926.0,930.0,99.0,25.6,36.18,1019.0,2.9,27.18,0.0,23.488632
2018-07-05 14:30:00,868.0,918.0,96.0,25.4,36.61,1019.0,3.0,32.74,0.0,22.840172
2018-07-05 15:00:00,799.0,904.0,92.0,25.2,36.85,1019.0,3.1,38.53,0.0,21.77246
2018-07-05 15:30:00,718.0,883.0,87.0,24.8,37.74,1019.0,3.1,44.43,0.0,20.17228
2018-07-05 16:00:00,629.0,857.0,82.0,24.5,38.15,1019.0,3.1,50.38,0.0,18.425821
2018-07-05 16:30:00,532.0,819.0,78.0,23.9,39.54,1019.0,3.1,56.33,0.0,16.407356
2018-07-05 17:00:00,432.0,772.0,72.0,23.3,41.33,1019.0,3.0,62.24,0.0,12.384985
2018-07-05 17:30:00,328.0,697.0,68.0,22.3,43.9,1019.0,2.9,68.09,0.0,11.155309
2018-07-05 18:00:00,199.0,297.0,116.0,21.3,48.5,1019.0,2.8,73.84,7.0,8.38396
2018-07-05 18:30:00,95.0,40.0,88.0,20.2,51.89,1019.0,2.7,79.46,7.0,4.497012
2018-07-06 06:30:00,40.0,1.0,40.0,17.4,80.41,1020.0,2.4,73.3,8.0,0.15818998
2018-07-06 07:00:00,117.0,9.0,114.0,17.8,78.75,1020.0,2.5,67.54,8.0,0.61650413
2018-07-06 07:30:00,92.0,11.0,87.0,18.4,75.85,1020.0,2.6,61.68,8.0,1.6526483
2018-07-06 08:00:00,85.0,0.0,85.0,19.0,72.62,1020.0,2.6,55.76,4.0,2.9541059
2018-07-06 08:30:00,158.0,2.0,157.0,19.9,68.68,1020.0,2.5,49.82,4.0,2.501595
2018-07-06 09:00:00,243.0,23.0,226.0,20.9,61.67,1020.0,2.4,43.87,4.0,4.074069
2018-07-06 09:30:00,649.0,448.0,296.0,22.1,57.32,1020.0,2.5,37.98,4.0,5.300756
2018-07-06 10:00:00,838.0,863.0,108.0,23.3,50.2,1020.0,2.6,32.22,0.0,8.667588
2018-07-06 10:30:00,894.0,878.0,110.0,24.5,46.72,1020.0,2.8,26.69,0.0,15.291904
2018-07-06 11:00:00,938.0,891.0,110.0,25.8,39.62,1020.0,3.0,21.64,0.0,20.282583
2018-07-06 11:30:00,968.0,898.0,112.0,26.3,38.43,1019.0,3.3,17.49,0.0,21.050632
2018-07-06 12:00:00,983.0,904.0,110.0,26.9,37.38,1019.0,3.5,15.06,0.0,21.52406
2018-07-06 12:30:00,925.0,701.0,248.0,27.0,37.16,1019.0,3.8,15.19,3.0,21.849958
2018-07-06 13:00:00,963.0,878.0,127.0,27.2,36.42,1019.0,4.1,17.83,0.0,22.603815
2018-07-06 13:30:00,943.0,912.0,98.0,27.1,36.6,1018.0,4.3,22.1,0.0,22.721779
2018-07-06 14:00:00,901.0,906.0,95.0,27.0,35.93,1018.0,4.6,27.21,0.0,20.69514
2018-07-06 14:30:00,843.0,871.0,111.0,26.6,36.78,1018.0,4.7,32.77,0.0,20.71676
2018-07-06 15:00:00,761.0,722.0,196.0,26.3,36.3,1018.0,4.9,38.55,3.0,20.866478
2018-07-06 15:30:00,700.0,861.0,85.0,25.7,37.61,1018.0,5.0,44.45,0.0,19.752312
2018-07-06 16:00:00,614.0,835.0,82.0,25.1,38.02,1017.0,5.1,50.4,0.0,18.181946
2018-07-06 16:30:00,520.0,800.0,77.0,24.3,39.88,1017.0,5.0,56.35,0.0,16.169762
2018-07-06 17:00:00,422.0,754.0,71.0,23.6,41.46,1017.0,4.9,62.26,0.0,8.855112
2018-07-06 17:30:00,322.0,683.0,67.0,22.6,44.04,1017.0,4.7,68.11,0.0,10.381959
2018-07-06 18:00:00,194.0,293.0,113.0,21.6,48.72,1017.0,4.4,73.87,3.0,9.013291
2018-07-06 18:30:00,103.0,81.0,88.0,20.6,51.79,1017.0,4.0,79.49,3.0,6.0323033
2018-07-07 06:00:00,121.0,255.0,72.0,16.9,74.63,1017.0,3.6,79.02,0.0,0.071316056
2018-07-07 06:30:00,236.0,583.0,69.0,17.9,70.07,1017.0,3.7,73.39,0.0,0.31360915
2018-07-07 07:00:00,332.0,674.0,75.0,18.9,63.76,1017.0,3.7,67.63,0.0,0.6076456
2018-07-07 07:30:00,417.0,636.0,116.0,19.8,60.3,1017.0,3.8,61.77,0.0,2.5082352
2018-07-07 08:00:00,546.0,842.0,73.0,20.7,55.47,1017.0,3.9,55.85,0.0,5.005029
2018-07-07 08:30:00,641.0,874.0,78.0,21.4,53.14,1017.0,4.0,49.9,0.0,7.7174835
2018-07-07 09:00:00,729.0,900.0,81.0,22.2,49.29,1017.0,4.1,43.96,0.0,11.07017
2018-07-07 09:30:00,808.0,919.0,85.0,22.8,47.53,1017.0,4.2,38.07,0.0,13.918389
2018-07-07 10:00:00,872.0,909.0,104.0,23.4,43.91,1017.0,4.3,32.31,0.0,16.041409
2018-07-07 10:30:00,932.0,945.0,88.0,23.8,42.87,1017.0,4.4,26.79,0.0,18.118603
2018-07-07 11:00:00,905.0,789.0,172.0,24.3,39.68,1017.0,4.4,21.74,7.0,19.862698
2018-07-07 11:30:00,950.0,821.0,167.0,24.6,38.98,1017.0,4.5,17.6,0.0,21.259483
2018-07-07 12:00:00,997.0,900.0,128.0,24.9,35.84,1016.0,4.5,15.17,0.0,21.599163
2018-07-07 12:30:00,1012.0,949.0,97.0,25.1,35.42,1016.0,4.6,15.29,0.0,22.638311
2018-07-07 13:00:00,992.0,931.0,106.0,25.2,33.46,1016.0,4.7,17.91,0.0,22.576376
2018-07-07 13:30:00,953.0,903.0,117.0,25.1,33.66,1016.0,4.9,22.15,0.0,23.157274
2018-07-07 14:00:00,857.0,771.0,172.0,25.0,33.21,1015.0,5.1,27.25,7.0,21.473324
2018-07-07 14:30:00,829.0,806.0,152.0,24.6,34.01,1015.0,5.3,32.8,7.0,22.767609
2018-07-07 15:00:00,750.0,771.0,147.0,24.1,35.78,1015.0,5.5,38.58,7.0,21.000484
2018-07-07 15:30:00,690.0,796.0,122.0,23.5,37.09,1015.0,5.6,44.48,7.0,20.755568
2018-07-07 16:00:00,624.0,848.0,84.0,22.9,39.76,1015.0,5.6,50.42,0.0,18.94465
2018-07-07 16:30:00,530.0,816.0,78.0,22.1,41.74,1015.0,5.6,56.37,0.0,15.554978
2018-07-07 17:00:00,431.0,774.0,71.0,21.2,46.12,1015.0,5.6,62.29,0.0,12.079297
2018-07-07 17:30:00,330.0,716.0,63.0,20.1,49.34,1015.0,5.4,68.14,0.0,11.498865
2018-07-07 18:00:00,231.0,636.0,55.0,19.1,56.14,1015.0,5.2,73.9,0.0,7.9167776
2018-07-07 18:30:00,137.0,516.0,43.0,18.0,60.13,1015.0,4.9,79.52,0.0,5.400994
2018-07-08 06:00:00,144.0,528.0,44.0,15.4,84.22,1015.0,3.8,79.12,0.0,0.053759094
2018-07-08 06:30:00,239.0,644.0,56.0,16.3,79.53,1015.0,3.9,73.48,0.0,0.2683651
2018-07-08 07:00:00,339.0,723.0,65.0,17.2,72.72,1015.0,4.0,67.72,0.0,0.6427587
2018-07-08 07:30:00,440.0,779.0,73.0,18.0,69.22,1016.0,4.0,61.86,0.0,2.3055732
2018-07-08 08:00:00,539.0,821.0,79.0,18.9,63.62,1016.0,4.0,55.94,0.0,4.9215236
2018-07-08 08:30:00,632.0,853.0,84.0,19.7,60.54,1016.0,4.0,49.99,0.0,8.090676
2018-07-08 09:00:00,720.0,877.0,90.0,20.5,55.81,1016.0,4.0,44.05,0.0,11.127283
2018-07-08 09:30:00,798.0,895.0,94.0,21.2,53.47,1016.0,4.1,38.16,0.0,13.878324
2018-07-08 10:00:00,865.0,907.0,99.0,21.9,48.12,1016.0,4.1,32.4,0.0,16.177097
2018-07-08 10:30:00,923.0,921.0,102.0,22.3,46.96,1016.0,4.1,26.89,0.0,18.300358
2018-07-08 11:00:00,966.0,932.0,101.0,22.8,44.53,1016.0,4.2,21.85,0.0,19.973934
2018-07-08 11:30:00,997.0,939.0,103.0,23.0,43.99,1016.0,4.3,17.72,0.0,21.268837
2018-07-08 12:00:00,1012.0,944.0,101.0,23.3,42.43,1016.0,4.3,15.29,0.0,22.37396
2018-07-08 12:30:00,1011.0,942.0,103.0,23.5,41.93,1016.0,4.5,15.39,0.0,22.774149
2018-07-08 13:00:00,995.0,937.0,104.0,23.7,39.61,1016.0,4.6,17.99,0.0,23.061993
2018-07-08 13:30:00,964.0,931.0,102.0,23.7,39.61,1016.0,4.7,22.21,0.0,23.17235
2018-07-08 14:00:00,920.0,923.0,100.0,23.8,37.31,1015.0,4.8,27.3,0.0,22.820925
2018-07-08 14:30:00,862.0,910.0,97.0,23.5,37.98,1015.0,4.9,32.84,0.0,21.893023
2018-07-08 15:00:00,793.0,894.0,94.0,23.3,37.83,1015.0,5.0,38.61,0.0,21.14878
2018-07-08 15:30:00,713.0,873.0,90.0,22.8,38.99,1015.0,5.0,44.51,0.0,20.178228
2018-07-08 16:00:00,625.0,847.0,86.0,22.3,40.37,1015.0,5.1,50.45,0.0,18.53251
2018-07-08 16:30:00,530.0,813.0,80.0,21.5,42.38,1015.0,5.1,56.4,0.0,16.745068
2018-07-08 17:00:00,431.0,769.0,74.0,20.8,45.27,1015.0,5.1,62.32,0.0,14.415579
2018-07-08 17:30:00,330.0,710.0,66.0,19.7,48.49,1016.0,5.0,68.17,0.0,11.741238
2018-07-08 18:00:00,230.0,627.0,57.0,18.7,55.0,1016.0,4.9,73.94,0.0,8.756413
2018-07-08 18:30:00,136.0,505.0,44.0,17.6,58.92,1016.0,4.7,79.56,0.0,5.5991435
2018-07-09 06:00:00,143.0,524.0,45.0,15.4,82.97,1017.0,3.9,79.21,0.0,0.039998427
2018-07-09 06:30:00,238.0,642.0,57.0,16.4,77.85,1017.0,3.9,73.58,0.0,0.2241324
2018-07-09 07:00:00,338.0,724.0,65.0,17.3,70.4,1017.0,4.0,67.81,0.0,0.61072904
2018-07-09 07:30:00,439.0,782.0,71.0,18.3,66.18,1018.0,3.8,61.95,0.0,2.3498957
2018-07-09 08:00:00,538.0,824.0,78.0,19.3,60.16,1018.0,3.7,56.03,0.0,4.7212176
2018-07-09 08:30:00,632.0,856.0,83.0,20.3,56.56,1018.0,3.5,50.08,0.0,8.011376
2018-07-09 09:00:00,719.0,879.0,88.0,21.3,51.21,1018.0,3.3,44.14,0.0,11.082485
2018-07-09 09:30:00,797.0,899.0,91.0,22.3,48.19,1018.0,3.3,38.26,0.0,13.744953
2018-07-09 10:00:00,865.0,915.0,93.0,23.3,41.78,1018.0,3.3,32.5,0.0,15.996219
2018-07-09 10:30:00,921.0,925.0,97.0,24.1,39.83,1018.0,3.4,26.99,0.0,18.051311
2018-07-09 11:00:00,963.0,931.0,100.0,24.9,35.37,1018.0,3.4,21.96,0.0,19.701118
2018-07-09 11:30:00,992.0,936.0,101.0,25.6,33.94,1018.0,3.6,17.84,0.0,20.822115
2018-07-09 12:00:00,1006.0,938.0,102.0,26.3,30.24,1017.0,3.8,15.41,0.0,21.593367
2018-07-09 12:30:00,1006.0,937.0,103.0,26.5,29.88,1017.0,4.1,15.5,0.0,22.176626
2018-07-09 13:00:00,990.0,933.0,103.0,26.7,29.96,1017.0,4.4,18.07,0.0,22.421825
2018-07-09 13:30:00,960.0,928.0,101.0,26.5,30.32,1017.0,4.6,22.27,0.0,22.397154
2018-07-09 14:00:00,917.0,920.0,100.0,26.4,31.11,1017.0,4.8,27.35,0.0,22.430788
2018-07-09 14:30:00,860.0,909.0,97.0,26.1,31.66,1017.0,5.0,32.88,0.0,21.635403
2018-07-09 15:00:00,792.0,895.0,93.0,25.8,32.45,1017.0,5.2,38.65,0.0,20.514378
2018-07-09 15:30:00,714.0,877.0,89.0,25.3,33.43,1017.0,5.4,44.54,0.0,19.692392
2018-07-09 16:00:00,626.0,853.0,83.0,24.8,34.91,1016.0,5.5,50.48,0.0,18.284668
2018-07-09 16:30:00,531.0,821.0,77.0,24.0,36.66,1017.0,5.5,56.43,0.0,16.412697
2018-07-09 17:00:00,433.0,781.0,71.0,23.2,40.25,1017.0,5.5,62.35,0.0,14.176278
2018-07-09 17:30:00,331.0,722.0,63.0,22.0,43.28,1017.0,5.3,68.21,0.0,11.533937
2018-07-09 18:00:00,231.0,641.0,54.0,20.9,49.69,1017.0,5.0,73.98,0.0,8.592571
2018-07-09 18:30:00,136.0,519.0,42.0,19.7,53.5,1017.0,4.6,79.61,0.0,5.460616
2018-07-10 06:00:00,145.0,559.0,41.0,15.9,79.2,1017.0,3.7,79.31,0.0,0.032607462
2018-07-10 06:30:00,241.0,675.0,51.0,17.0,73.86,1017.0,3.8,73.68,0.0,0.19799271
2018-07-10 07:00:00,343.0,754.0,59.0,18.0,69.35,1017.0,3.8,67.91,0.0,0.56852007
2018-07-10 07:30:00,446.0,810.0,66.0,19.1,64.75,1017.0,3.8,62.05,0.0,2.1906486
2018-07-10 08:00:00,546.0,852.0,71.0,20.2,58.81,1017.0,3.8,56.12,0.0,4.7355986
2018-07-10 08:30:00,642.0,883.0,77.0,21.1,55.65,1017.0,3.7,50.18,0.0,7.9681253
2018-07-10 09:00:00,731.0,907.0,81.0,22.0,52.17,1017.0,3.7,44.24,0.0,10.937734
2018-07-10 09:30:00,809.0,921.0,87.0,22.8,49.7,1017.0,3.7,38.35,0.0,13.672782
2018-07-10 10:00:00,877.0,928.0,95.0,23.7,45.15,1017.0,3.8,32.6,0.0,16.024227
2018-07-10 10:30:00,934.0,939.0,98.0,24.5,43.0,1016.0,4.0,27.1,0.0,17.990704
2018-07-10 11:00:00,977.0,948.0,99.0,25.2,38.85,1016.0,4.2,22.08,0.0,19.501188
2018-07-10 11:30:00,1007.0,953.0,100.0,25.5,38.16,1016.0,4.4,17.97,0.0,20.696985
2018-07-10 12:00:00,1022.0,956.0,101.0,25.7,37.27,1016.0,4.6,15.54,0.0,21.561806
2018-07-10 12:30:00,1021.0,955.0,101.0,25.6,37.49,1016.0,4.9,15.62,0.0,22.0407
2018-07-10 13:00:00,1005.0,950.0,102.0,25.5,37.98,1015.0,5.1,18.16,0.0,22.327316
2018-07-10 13:30:00,975.0,946.0,100.0,25.2,38.66,1015.0,5.3,22.34,0.0,22.34893
2018-07-10 14:00:00,931.0,938.0,98.0,24.8,40.07,1015.0,5.5,27.4,0.0,22.414965
2018-07-10 14:30:00,873.0,927.0,95.0,24.2,41.53,1015.0,5.6,32.92,0.0,22.146679
2018-07-10 15:00:00,803.0,912.0,91.0,23.7,43.4,1015.0,5.7,38.69,0.0,21.609362
2018-07-10 15:30:00,722.0,891.0,87.0,22.9,45.54,1015.0,5.7,44.58,0.0,20.449566
2018-07-10 16:00:00,633.0,865.0,83.0,22.2,48.46,1015.0,5.7,50.52,0.0,18.853848
2018-07-10 16:30:00,538.0,834.0,77.0,21.2,51.51,1015.0,5.6,56.47,0.0,16.822529
2018-07-10 17:00:00,438.0,791.0,71.0,20.3,55.69,1015.0,5.6,62.39,0.0,14.477053
2018-07-10 17:30:00,335.0,734.0,63.0,19.1,59.98,1015.0,5.4,68.25,0.0,11.796976
2018-07-10 18:00:00,234.0,654.0,54.0,18.0,66.23,1015.0,5.3,74.02,0.0,8.818848
2018-07-10 18:30:00,138.0,533.0,42.0,17.1,70.09,1015.0,5.1,79.66,0.0,5.6370068
2018-07-11 06:00:00,143.0,552.0,42.0,15.5,84.66,1012.0,2.7,79.42,0.0,0.058624685
2018-07-11 06:30:00,236.0,647.0,55.0,16.3,80.54,1013.0,2.5,73.78,0.0,0.5663993
2018-07-11 07:00:00,340.0,750.0,59.0,17.1,76.79,1013.0,2.3,68.0,0.0,1.759249
2018-07-11 07:30:00,443.0,807.0,66.0,18.1,72.11,1013.0,2.2,62.14,0.0,2.974838
2018-07-11 08:00:00,544.0,850.0,71.0,19.1,66.69,1012.0,2.1,56.22,0.0,5.151002
2018-07-11 08:30:00,639.0,882.0,75.0,20.1,62.69,1012.0,2.1,50.27,0.0,8.129802
2018-07-11 09:00:00,727.0,907.0,78.0,21.0,58.08,1012.0,2.1,44.33,0.0,11.202964
2018-07-11 09:30:00,805.0,916.0,88.0,22.0,54.65,1012.0,2.2,38.45,0.0,13.954965
2018-07-11 10:00:00,871.0,917.0,99.0,23.0,49.34,1012.0,2.3,32.7,0.0,16.303022
2018-07-11 10:30:00,927.0,929.0,101.0,23.8,47.02,1012.0,2.4,27.21,0.0,18.276829
2018-07-11 11:00:00,971.0,938.0,103.0,24.6,42.96,1012.0,2.5,22.2,0.0,19.953619
2018-07-11 11:30:00,1001.0,944.0,104.0,25.1,41.7,1012.0,2.7,18.1,0.0,21.224625
2018-07-11 12:00:00,1016.0,946.0,105.0,25.6,39.16,1011.0,2.8,15.68,0.0,22.112207
2018-07-11 12:30:00,1015.0,947.0,104.0,25.8,38.7,1011.0,3.0,15.74,0.0,22.457342
2018-07-11 13:00:00,1000.0,944.0,104.0,26.0,37.52,1011.0,3.1,18.26,0.0,22.808428
2018-07-11 13:30:00,970.0,938.0,103.0,25.9,37.74,1011.0,3.3,22.42,0.0,22.828863
2018-07-11 14:00:00,925.0,929.0,101.0,25.7,38.04,1011.0,3.4,27.46,0.0,22.756226
2018-07-11 14:30:00,867.0,916.0,99.0,25.3,38.91,1010.0,3.6,32.98,0.0,22.187326
2018-07-11 15:00:00,797.0,898.0,96.0,24.9,40.19,1010.0,3.7,38.73,0.0,21.315603
2018-07-11 15:30:00,716.0,875.0,93.0,24.2,41.9,1010.0,3.7,44.62,0.0,20.107168
2018-07-11 16:00:00,626.0,845.0,89.0,23.5,44.6,1010.0,3.8,50.56,0.0,18.606068
2018-07-11 16:30:00,530.0,808.0,84.0,22.5,47.37,1010.0,3.7,56.52,0.0,16.693336
2018-07-11 17:00:00,429.0,758.0,78.0,21.5,51.95,1010.0,3.6,62.44,0.0,14.290898
2018-07-11 17:30:00,327.0,692.0,71.0,20.4,55.62,1011.0,3.5,68.3,0.0,11.565818
2018-07-11 18:00:00,225.0,600.0,60.0,19.2,62.43,1011.0,3.3,74.07,0.0,8.57726
2018-07-11 18:30:00,131.0,467.0,48.0,18.2,66.45,1011.0,3.0,79.71,0.0,5.554195
2018-07-11 19:00:00,52.0,266.0,30.0,17.1,73.55,1011.0,2.8,85.16,0.0,3.9889483
2018-07-12 06:30:00,156.0,250.0,87.0,17.2,79.75,1012.0,2.2,73.88,3.0,0.21547163
2018-07-12 07:00:00,278.0,419.0,122.0,18.2,74.67,1013.0,2.2,68.1,0.0,1.1436905
2018-07-12 07:30:00,402.0,620.0,113.0,19.1,70.59,1013.0,2.2,62.24,0.0,2.223169
2018-07-12 08:00:00,449.0,484.0,181.0,20.0,64.85,1013.0,2.2,56.32,7.0,5.201887
2018-07-12 08:30:00,502.0,432.0,226.0,20.9,61.36,1013.0,2.4,50.37,7.0,8.896012
2018-07-12 09:00:00,570.0,435.0,259.0,21.8,54.43,1013.0,2.5,44.43,7.0,9.727689
2018-07-12 09:30:00,599.0,406.0,281.0,22.4,52.48,1013.0,2.5,38.55,7.0,12.119114
2018-07-12 10:00:00,646.0,405.0,306.0,23.1,47.01,1013.0,2.6,32.81,7.0,14.698937
2018-07-12 10:30:00,619.0,247.0,400.0,23.5,45.9,1013.0,2.6,27.32,7.0,13.917576
2018-07-12 11:00:00,712.0,360.0,379.0,24.0,42.43,1013.0,2.6,22.32,7.0,18.13521
2018-07-12 11:30:00,783.0,531.0,279.0,24.4,41.47,1014.0,2.7,18.24,7.0,15.549588
2018-07-12 12:00:00,779.0,488.0,309.0,24.9,39.62,1014.0,2.9,15.82,7.0,15.658895
2018-07-12 12:30:00,768.0,421.0,363.0,25.1,39.15,1014.0,3.0,15.87,7.0,19.694773
2018-07-12 13:00:00,881.0,682.0,234.0,25.4,39.7,1014.0,3.2,18.37,0.0,20.74295
2018-07-12 13:30:00,804.0,530.0,314.0,25.0,40.66,1014.0,3.2,22.5,3.0,19.931059
2018-07-12 14:00:00,841.0,740.0,185.0,24.7,43.03,1014.0,3.2,27.53,0.0,22.304823
2018-07-12 14:30:00,781.0,686.0,206.0,24.2,44.29,1013.0,3.1,33.03,0.0,22.359888
2018-07-12 15:00:00,673.0,432.0,336.0,23.6,46.1,1013.0,3.0,38.79,3.0,21.046574
2018-07-12 15:30:00,580.0,353.0,329.0,23.1,47.51,1013.0,2.9,44.67,3.0,21.34565
2018-07-12 16:00:00,501.0,339.0,286.0,22.6,48.6,1013.0,2.8,50.61,3.0,19.804956
2018-07-12 16:30:00,488.0,665.0,122.0,21.9,50.76,1014.0,2.7,56.56,0.0,15.796842
2018-07-12 17:00:00,395.0,646.0,97.0,21.3,51.9,1014.0,2.7,62.49,0.0,13.824627
2018-07-12 17:30:00,299.0,580.0,85.0,20.4,54.84,1014.0,2.6,68.35,0.0,7.592008
2018-07-12 18:00:00,198.0,445.0,76.0,19.6,56.94,1014.0,2.6,74.13,0.0,2.767947
2018-07-12 18:30:00,51.0,16.0,48.0,18.8,59.83,1014.0,2.5,79.77,4.0,5.307413
2018-07-12 19:00:00,22.0,0.0,22.0,18.1,62.27,1014.0,2.4,85.22,4.0,3.304233
2018-07-13 06:30:00,111.0,7.0,109.0,17.8,75.17,1017.0,1.9,73.98,4.0,0.12317782
2018-07-13 07:00:00,177.0,34.0,164.0,18.4,72.82,1017.0,1.9,68.21,4.0,1.0170492
2018-07-13 07:30:00,338.0,293.0,202.0,19.2,69.28,1017.0,2.0,62.34,3.0,1.5233883
2018-07-13 08:00:00,442.0,430.0,204.0,19.9,66.87,1018.0,2.1,56.42,3.0,3.02378
2018-07-13 08:30:00,477.0,283.0,297.0,20.7,63.6,1017.0,2.3,50.47,3.0,5.4768596
2018-07-13 09:00:00,536.0,306.0,318.0,21.4,60.88,1017.0,2.4,44.53,3.0,6.055261
2018-07-13 09:30:00,660.0,441.0,316.0,22.0,58.7,1017.0,2.4,38.66,3.0,9.552014
2018-07-13 10:00:00,803.0,758.0,167.0,22.6,56.83,1017.0,2.5,32.92,0.0,14.266049
2018-07-13 10:30:00,790.0,538.0,313.0,23.2,54.81,1017.0,2.5,27.44,3.0,14.0642805
2018-07-13 11:00:00,863.0,688.0,227.0,23.7,53.16,1017.0,2.5,22.45,0.0,18.77891
2018-07-13 11:30:00,936.0,828.0,150.0,24.2,51.59,1017.0,2.6,18.38,0.0,18.122623
2018-07-13 12:00:00,942.0,795.0,178.0,24.6,50.55,1017.0,2.7,15.97,0.0,21.808903
2018-07-13 12:30:00,947.0,816.0,163.0,24.9,49.61,1016.0,2.8,16.01,0.0,22.593323
2018-07-13 13:00:00,943.0,861.0,126.0,25.1,48.43,1016.0,2.9,18.48,0.0,23.026411
2018-07-13 13:30:00,915.0,856.0,125.0,25.1,48.43,1016.0,3.0,22.59,0.0,21.901157
2018-07-13 14:00:00,873.0,848.0,122.0,25.2,46.98,1016.0,3.1,27.61,0.0,22.053133
2018-07-13 14:30:00,818.0,835.0,119.0,25.0,47.54,1016.0,3.1,33.1,0.0,21.43607
2018-07-13 15:00:00,751.0,818.0,114.0,24.9,46.73,1016.0,3.2,38.84,0.0,20.607267
2018-07-13 15:30:00,674.0,796.0,108.0,24.5,47.85,1016.0,3.2,44.72,0.0,19.368593
2018-07-13 16:00:00,589.0,767.0,103.0,24.2,47.82,1015.0,3.3,50.66,0.0,17.736614
2018-07-13 16:30:00,496.0,729.0,95.0,23.6,49.57,1015.0,3.3,56.62,0.0,15.724147
2018-07-13 17:00:00,400.0,679.0,87.0,23.1,50.46,1016.0,3.4,62.54,0.0,13.3883295
2018-07-13 17:30:00,303.0,613.0,77.0,22.1,53.61,1016.0,3.4,68.41,0.0,10.75189
2018-07-13 18:00:00,207.0,521.0,65.0,21.2,56.03,1016.0,3.5,74.19,0.0,7.89222
2018-07-13 18:30:00,119.0,391.0,50.0,20.1,59.94,1016.0,3.4,79.84,0.0,5.011157
2018-07-14 06:00:00,123.0,426.0,47.0,16.4,81.72,1017.0,2.7,79.74,0.0,0.028798703
2018-07-14 06:30:00,208.0,533.0,62.0,17.1,78.18,1017.0,2.6,74.09,0.0,0.36398506
2018-07-14 07:00:00,264.0,485.0,85.0,17.8,74.74,1017.0,2.6,68.31,0.0,1.0433282
2018-07-14 07:30:00,378.0,590.0,105.0,18.6,71.09,1017.0,2.5,62.44,0.0,2.0112526
2018-07-14 08:00:00,495.0,713.0,102.0,19.5,66.9,1017.0,2.5,56.52,0.0,3.5717092
2018-07-14 08:30:00,599.0,797.0,93.0,20.3,63.68,1017.0,2.6,50.57,0.0,5.9833884
2018-07-14 09:00:00,686.0,826.0,98.0,21.2,58.85,1017.0,2.7,44.63,0.0,9.298664
2018-07-14 09:30:00,764.0,849.0,102.0,21.8,56.73,1017.0,2.8,38.76,0.0,11.4369545
2018-07-14 10:00:00,826.0,855.0,109.0,22.5,54.12,1017.0,3.0,33.03,0.0,15.692477
2018-07-14 10:30:00,865.0,826.0,133.0,22.9,52.83,1017.0,3.2,27.56,0.0,17.813
2018-07-14 11:00:00,894.0,805.0,151.0,23.3,51.15,1016.0,3.4,22.58,0.0,19.985281
2018-07-14 11:30:00,791.0,586.0,235.0,23.4,50.84,1016.0,3.6,18.52,7.0,21.114645
2018-07-14 12:00:00,929.0,805.0,156.0,23.5,50.67,1016.0,3.8,16.13,0.0,21.013226
2018-07-14 12:30:00,974.0,898.0,111.0,23.4,50.98,1016.0,3.9,16.16,0.0,21.404737
2018-07-14 13:00:00,959.0,893.0,113.0,23.2,50.82,1016.0,3.9,18.6,0.0,21.775394
2018-07-14 13:30:00,930.0,888.0,111.0,23.0,51.38,1015.0,4.0,22.69,0.0,22.534096
2018-07-14 14:00:00,888.0,880.0,109.0,22.9,50.5,1015.0,4.1,27.69,0.0,22.745558
2018-07-14 14:30:00,832.0,868.0,105.0,22.5,51.73,1015.0,4.1,33.17,0.0,22.024378
2018-07-14 15:00:00,765.0,852.0,102.0,22.1,52.25,1015.0,4.2,38.91,0.0,21.012001
2018-07-14 15:30:00,688.0,831.0,98.0,21.4,54.53,1015.0,4.2,44.78,0.0,19.624573
2018-07-14 16:00:00,602.0,804.0,93.0,20.8,56.37,1015.0,4.2,50.72,0.0,18.092777
2018-07-14 16:30:00,509.0,769.0,86.0,19.9,59.58,1015.0,4.2,56.67,0.0,16.177265
2018-07-14 17:00:00,412.0,722.0,80.0,19.0,63.01,1015.0,4.1,62.6,0.0,13.8915
2018-07-14 17:30:00,313.0,660.0,71.0,18.3,65.83,1015.0,4.0,68.47,0.0,11.295996
2018-07-14 18:00:00,215.0,573.0,59.0,17.6,68.89,1015.0,3.9,74.25,0.0,8.408149
2018-07-14 18:30:00,124.0,445.0,46.0,17.1,71.09,1015.0,3.9,79.91,0.0,5.366241
2018-07-15 06:30:00,128.0,172.0,81.0,15.9,79.16,1016.0,2.8,74.2,3.0,0.18847948
2018-07-15 07:00:00,200.0,102.0,162.0,16.6,74.97,1016.0,2.8,68.42,3.0,0.8344884
2018-07-15 07:30:00,401.0,640.0,106.0,17.4,71.28,1016.0,2.9,62.55,0.0,2.445646
2018-07-15 08:00:00,535.0,837.0,74.0,18.3,64.84,1016.0,2.9,56.62,0.0,3.1932518
2018-07-15 08:30:00,632.0,873.0,79.0,19.1,61.68,1016.0,2.9,50.67,0.0,6.6724324
2018-07-15 09:00:00,722.0,902.0,81.0,19.9,55.49,1016.0,2.9,44.74,0.0,9.582936
2018-07-15 09:30:00,800.0,913.0,89.0,20.6,53.15,1016.0,3.0,38.87,0.0,13.859835
2018-07-15 10:00:00,867.0,916.0,100.0,21.2,49.24,1015.0,3.1,33.14,0.0,16.232176
2018-07-15 10:30:00,926.0,931.0,102.0,21.8,47.48,1015.0,3.2,27.68,0.0,18.35189
2018-07-15 11:00:00,971.0,943.0,101.0,22.3,43.5,1015.0,3.4,22.71,0.0,20.307285
2018-07-15 11:30:00,1001.0,949.0,102.0,22.5,42.98,1015.0,3.6,18.67,0.0,21.713238
2018-07-15 12:00:00,1017.0,953.0,102.0,22.7,41.17,1015.0,3.8,16.28,0.0,22.732191
2018-07-15 12:30:00,1016.0,951.0,103.0,22.7,41.17,1015.0,4.0,16.31,0.0,23.407938
2018-07-15 13:00:00,1000.0,944.0,106.0,22.7,40.7,1015.0,4.1,18.73,0.0,23.541634
2018-07-15 13:30:00,970.0,939.0,104.0,22.5,41.16,1014.0,4.2,22.79,0.0,23.494135
2018-07-15 14:00:00,925.0,931.0,101.0,22.3,42.01,1014.0,4.3,27.77,0.0,23.270218
2018-07-15 14:30:00,867.0,919.0,98.0,22.0,42.78,1014.0,4.3,33.24,0.0,22.700022
2018-07-15 15:00:00,796.0,903.0,94.0,21.7,44.16,1014.0,4.3,38.97,0.0,21.695032
2018-07-15 15:30:00,716.0,882.0,91.0,21.2,45.53,1014.0,4.3,44.85,0.0,20.400173
2018-07-15 16:00:00,627.0,856.0,86.0,20.7,48.13,1014.0,4.2,50.78,0.0,18.677143
2018-07-15 16:30:00,531.0,822.0,80.0,20.0,50.24,1014.0,4.1,56.74,0.0,16.674809
2018-07-15 17:00:00,430.0,776.0,74.0,19.3,55.2,1014.0,4.0,62.67,0.0,14.329068
2018-07-15 17:30:00,327.0,714.0,66.0,18.6,57.65,1014.0,3.9,68.54,0.0,11.624151
2018-07-15 18:00:00,226.0,627.0,57.0,18.0,62.41,1014.0,3.8,74.33,0.0,8.605916
2018-07-15 18:30:00,130.0,497.0,44.0,17.3,65.21,1014.0,3.7,79.98,0.0,5.490553
2018-07-16 06:30:00,105.0,173.0,58.0,16.2,79.93,1016.0,2.8,74.31,3.0,0.14096746
2018-07-16 07:00:00,132.0,5.0,130.0,16.9,74.54,1016.0,2.6,68.52,3.0,0.70498234
2018-07-16 07:30:00,303.0,223.0,201.0,17.9,69.99,1016.0,2.6,62.65,3.0,1.9266287
2018-07-16 08:00:00,524.0,776.0,98.0,18.9,63.24,1016.0,2.5,56.72,0.0,3.9486568
2018-07-16 08:30:00,635.0,879.0,79.0,20.0,59.07,1016.0,2.5,50.77,0.0,6.531177
2018-07-16 09:00:00,724.0,906.0,82.0,21.0,52.73,1016.0,2.5,44.84,0.0,11.056285
2018-07-16 09:30:00,804.0,921.0,88.0,21.9,49.87,1015.0,2.6,38.98,0.0,13.700677
2018-07-16 10:00:00,872.0,930.0,94.0,22.7,46.9,1015.0,2.7,33.25,0.0,16.139044
2018-07-16 10:30:00,930.0,942.0,97.0,23.4,44.97,1015.0,2.8,27.8,0.0,18.226694
2018-07-16 11:00:00,974.0,950.0,99.0,24.0,42.01,1015.0,2.9,22.85,0.0,19.955168
2018-07-16 11:30:00,1004.0,956.0,99.0,24.4,41.02,1015.0,3.1,18.83,0.0,21.295347
2018-07-16 12:00:00,1019.0,958.0,100.0,24.8,39.47,1015.0,3.2,16.45,0.0,22.321585
2018-07-16 12:30:00,1018.0,954.0,103.0,25.0,39.01,1015.0,3.3,16.46,0.0,22.88938
2018-07-16 13:00:00,1001.0,945.0,107.0,25.1,37.85,1015.0,3.4,18.86,0.0,23.20908
2018-07-16 13:30:00,971.0,939.0,106.0,25.1,37.81,1014.0,3.6,22.9,0.0,23.218922
2018-07-16 14:00:00,926.0,930.0,104.0,25.0,37.55,1014.0,3.7,27.86,0.0,22.858309
2018-07-16 14:30:00,868.0,918.0,101.0,24.7,38.23,1014.0,3.8,33.32,0.0,22.270163
2018-07-16 15:00:00,799.0,903.0,98.0,24.4,39.21,1014.0,3.9,39.05,0.0,21.37112
2018-07-16 15:30:00,719.0,882.0,94.0,23.9,40.4,1014.0,3.9,44.92,0.0,20.161257
2018-07-16 16:00:00,629.0,854.0,90.0,23.3,42.99,1014.0,3.9,50.85,0.0,18.521797
2018-07-16 16:30:00,532.0,819.0,84.0,22.7,44.58,1014.0,3.9,56.81,0.0,16.61578
2018-07-16 17:00:00,430.0,772.0,76.0,22.0,47.66,1014.0,3.9,62.74,0.0,14.309755
2018-07-16 17:30:00,327.0,708.0,69.0,21.0,50.66,1014.0,3.7,68.61,0.0,11.6600065
2018-07-16 18:00:00,225.0,618.0,59.0,19.9,56.25,1014.0,3.6,74.4,0.0,8.664561
2018-07-16 18:30:00,129.0,484.0,45.0,18.8,60.22,1014.0,3.3,80.06,0.0,5.5161304
2018-07-17 06:30:00,108.0,169.0,63.0,16.7,81.31,1015.0,2.6,74.42,3.0,0.23462762
2018-07-17 07:00:00,106.0,1.0,106.0,17.6,77.1,1015.0,2.7,68.63,3.0,0.6999971
2018-07-17 07:30:00,195.0,13.0,189.0,18.5,72.87,1015.0,2.7,62.76,3.0,1.6918586
2018-07-17 08:00:00,402.0,328.0,223.0,19.3,68.92,1015.0,2.7,56.83,3.0,3.5364182
2018-07-17 08:30:00,624.0,844.0,91.0,20.3,64.79,1015.0,2.7,50.88,0.0,5.4689336
2018-07-17 09:00:00,720.0,894.0,87.0,21.3,59.47,1015.0,2.7,44.95,0.0,11.262363
2018-07-17 09:30:00,799.0,909.0,93.0,22.0,56.99,1015.0,2.7,39.09,0.0,13.830632
2018-07-17 10:00:00,868.0,918.0,101.0,22.8,52.41,1015.0,2.8,33.37,0.0,16.345005
2018-07-17 10:30:00,926.0,932.0,103.0,23.3,50.86,1015.0,2.8,27.93,0.0,18.302082
2018-07-17 11:00:00,971.0,941.0,105.0,23.9,47.81,1015.0,2.9,22.99,0.0,20.078526
2018-07-17 11:30:00,1001.0,947.0,105.0,24.3,46.68,1015.0,2.9,18.98,0.0,21.382812
2018-07-17 12:00:00,1016.0,950.0,106.0,24.7,43.83,1015.0,2.9,16.62,0.0,22.515394
2018-07-17 12:30:00,1014.0,943.0,110.0,25.0,43.02,1014.0,3.0,16.63,0.0,23.284607
2018-07-17 13:00:00,996.0,929.0,118.0,25.2,41.08,1014.0,3.1,19.0,0.0,23.740974
2018-07-17 13:30:00,966.0,923.0,116.0,25.2,41.08,1014.0,3.2,23.02,0.0,23.707664
2018-07-17 14:00:00,921.0,913.0,115.0,25.3,39.67,1014.0,3.3,27.96,0.0,23.285273
2018-07-17 14:30:00,863.0,900.0,112.0,25.1,40.15,1014.0,3.5,33.41,0.0,22.773518
2018-07-17 15:00:00,792.0,882.0,108.0,24.8,40.63,1014.0,3.6,39.13,0.0,21.45581
2018-07-17 15:30:00,712.0,859.0,104.0,24.3,41.86,1014.0,3.8,44.99,0.0,20.60155
2018-07-17 16:00:00,622.0,829.0,100.0,23.8,43.5,1014.0,3.9,50.93,0.0,18.938639
2018-07-17 16:30:00,525.0,791.0,93.0,23.0,45.6,1013.0,3.9,56.88,0.0,16.378912
2018-07-17 17:00:00,423.0,739.0,85.0,22.2,48.94,1013.0,4.0,62.81,0.0,14.610575
2018-07-17 17:30:00,320.0,670.0,77.0,21.1,52.38,1014.0,3.9,68.69,0.0,11.80073
2018-07-17 18:00:00,218.0,573.0,65.0,19.9,58.19,1014.0,3.7,74.48,0.0,8.861103
2018-07-17 18:30:00,124.0,431.0,50.0,18.7,62.68,1014.0,3.5,80.15,0.0,5.6377163
2018-07-18 06:30:00,208.0,533.0,66.0,16.9,82.93,1015.0,2.6,74.53,0.0,0.29974258
2018-07-18 07:00:00,221.0,223.0,140.0,17.7,78.85,1015.0,2.5,68.74,3.0,1.4018884
2018-07-18 07:30:00,369.0,467.0,156.0,18.5,74.99,1015.0,2.3,62.87,0.0,2.8285475
2018-07-18 08:00:00,522.0,791.0,90.0,19.3,69.91,1015.0,2.1,56.94,0.0,4.700832
2018-07-18 08:30:00,618.0,828.0,97.0,20.1,66.53,1015.0,2.1,50.99,0.0,6.1222763
2018-07-18 09:00:00,707.0,857.0,102.0,20.9,62.1,1015.0,2.1,45.06,0.0,10.45419
2018-07-18 09:30:00,785.0,874.0,108.0,21.8,58.78,1015.0,2.2,39.2,0.0,13.370662
2018-07-18 10:00:00,853.0,884.0,116.0,22.6,54.14,1015.0,2.3,33.49,0.0,15.875135
2018-07-18 10:30:00,911.0,898.0,119.0,23.3,51.9,1015.0,2.4,28.06,0.0,17.940006
2018-07-18 11:00:00,906.0,783.0,186.0,24.0,47.28,1015.0,2.5,23.14,0.0,19.650225
2018-07-18 11:30:00,918.0,763.0,197.0,24.3,46.39,1014.0,2.7,19.15,7.0,20.808826
2018-07-18 12:00:00,936.0,769.0,200.0,24.7,43.58,1014.0,2.9,16.8,7.0,21.286814
2018-07-18 12:30:00,898.0,689.0,238.0,24.8,43.32,1014.0,3.0,16.8,7.0,23.072996
2018-07-18 13:00:00,911.0,767.0,186.0,25.0,41.31,1014.0,3.2,19.15,7.0,21.564213
2018-07-18 13:30:00,922.0,831.0,158.0,24.9,41.51,1013.0,3.2,23.14,0.0,22.173767
2018-07-18 14:00:00,894.0,825.0,166.0,24.9,40.47,1013.0,3.2,28.06,0.0,22.41104
2018-07-18 14:30:00,848.0,859.0,132.0,24.7,40.95,1013.0,3.2,33.5,0.0,22.6368
2018-07-18 15:00:00,768.0,779.0,164.0,24.5,40.53,1013.0,3.2,39.21,0.0,20.900667
2018-07-18 15:30:00,703.0,835.0,113.0,24.1,41.51,1013.0,3.4,45.07,0.0,18.915585
2018-07-18 16:00:00,615.0,815.0,102.0,23.7,41.88,1013.0,3.6,51.0,0.0,18.426317
2018-07-18 16:30:00,518.0,775.0,95.0,22.8,44.21,1013.0,3.8,56.96,0.0,16.494547
2018-07-18 17:00:00,417.0,722.0,88.0,22.0,46.56,1013.0,4.0,62.89,0.0,14.120376
2018-07-18 17:30:00,314.0,650.0,79.0,20.6,50.77,1014.0,4.0,68.77,0.0,11.424937
2018-07-18 18:00:00,213.0,551.0,66.0,19.3,56.64,1014.0,4.0,74.57,0.0,8.424353
2018-07-18 18:30:00,120.0,407.0,51.0,18.0,61.42,1014.0,3.7,80.24,0.0,5.345541
2018-07-19 06:30:00,130.0,125.0,97.0,16.6,79.97,1014.0,3.2,74.65,3.0,0.54034984
2018-07-19 07:00:00,206.0,45.0,190.0,17.4,74.02,1014.0,2.8,68.86,3.0,1.2575076
2018-07-19 07:30:00,364.0,432.0,168.0,18.4,69.52,1014.0,2.4,62.98,0.0,1.6831897
2018-07-19 08:00:00,453.0,423.0,223.0,19.3,64.18,1015.0,2.0,57.05,3.0,5.623338
2018-07-19 08:30:00,536.0,436.0,262.0,20.5,59.59,1015.0,1.8,51.1,3.0,7.1651325
2018-07-19 09:00:00,640.0,572.0,237.0,21.6,54.21,1015.0,1.6,45.17,0.0,10.696195
2018-07-19 09:30:00,698.0,511.0,303.0,22.8,50.36,1014.0,1.6,39.31,3.0,12.973097
2018-07-19 10:00:00,821.0,771.0,179.0,23.9,44.38,1014.0,1.6,33.61,0.0,16.055473
2018-07-19 10:30:00,883.0,808.0,171.0,24.8,42.06,1014.0,1.8,28.19,0.0,17.054434
2018-07-19 11:00:00,935.0,866.0,140.0,25.6,39.38,1014.0,2.0,23.28,0.0,19.927229
2018-07-19 11:30:00,965.0,872.0,142.0,26.0,38.46,1014.0,2.4,19.32,0.0,20.981363
2018-07-19 12:00:00,979.0,874.0,143.0,26.4,37.29,1013.0,2.9,16.98,0.0,21.751974
2018-07-19 12:30:00,977.0,868.0,147.0,26.4,37.29,1013.0,3.3,16.97,0.0,22.38389
2018-07-19 13:00:00,960.0,859.0,149.0,26.3,37.07,1013.0,3.7,19.3,0.0,22.865522
2018-07-19 13:30:00,930.0,849.0,150.0,25.9,37.95,1013.0,4.0,23.27,0.0,23.239363
2018-07-19 14:00:00,884.0,833.0,150.0,25.5,38.92,1013.0,4.3,28.17,0.0,21.553995
2018-07-19 14:30:00,826.0,815.0,147.0,24.8,40.57,1013.0,4.3,33.6,0.0,21.432318
2018-07-19 15:00:00,756.0,792.0,143.0,24.2,42.45,1012.0,4.3,39.3,0.0,20.702478
2018-07-19 15:30:00,677.0,765.0,138.0,23.5,44.27,1012.0,4.2,45.16,0.0,19.796453
2018-07-19 16:00:00,589.0,731.0,130.0,22.8,46.56,1012.0,4.0,51.09,0.0,18.139439
2018-07-19 16:30:00,495.0,691.0,119.0,22.1,48.58,1012.0,3.8,57.04,0.0,16.13981
2018-07-19 17:00:00,398.0,640.0,107.0,21.3,50.84,1012.0,3.6,62.98,0.0,13.806176
2018-07-19 17:30:00,299.0,570.0,93.0,20.4,53.72,1012.0,3.4,68.86,0.0,11.130566
2018-07-19 18:00:00,202.0,475.0,76.0,19.5,56.79,1012.0,3.3,74.66,0.0,8.07493
2018-07-19 18:30:00,113.0,343.0,55.0,18.6,60.06,1012.0,3.1,80.34,0.0,5.149956
2018-07-20 06:00:00,99.0,207.0,65.0,16.6,65.6,1013.0,2.9,80.44,0.0,0.0059419395
2018-07-20 06:30:00,187.0,356.0,93.0,17.5,61.98,1013.0,3.0,74.77,0.0,0.39072156
2018-07-20 07:00:00,281.0,469.0,113.0,18.5,56.75,1013.0,3.0,68.97,0.0,1.3050555
2018-07-20 07:30:00,379.0,555.0,128.0,19.6,53.0,1013.0,2.9,63.09,0.0,2.5637205
2018-07-20 08:00:00,476.0,629.0,135.0,20.6,50.58,1013.0,2.7,57.16,0.0,4.457489
2018-07-20 08:30:00,568.0,680.0,142.0,21.7,47.29,1013.0,2.7,51.21,0.0,7.2298512
2018-07-20 09:00:00,655.0,724.0,146.0,22.8,44.5,1013.0,2.7,45.28,0.0,9.9944725
2018-07-20 09:30:00,735.0,764.0,145.0,23.7,42.16,1013.0,2.7,39.43,0.0,12.639428
2018-07-20 10:00:00,806.0,802.0,139.0,24.6,41.09,1013.0,2.7,33.74,0.0,15.072018
2018-07-20 10:30:00,861.0,816.0,143.0,25.2,39.66,1013.0,2.7,28.33,0.0,17.187641
2018-07-20 11:00:00,903.0,827.0,144.0,25.8,40.03,1013.0,2.8,23.44,0.0,18.864328
2018-07-20 11:30:00,932.0,834.0,146.0,26.0,39.56,1013.0,3.0,19.49,0.0,20.188011
2018-07-20 12:00:00,945.0,837.0,145.0,26.2,40.94,1013.0,3.1,17.17,0.0,21.158184
2018-07-20 12:30:00,928.0,762.0,200.0,26.1,41.14,1012.0,3.3,17.16,0.0,21.728716
2018-07-20 13:00:00,702.0,283.0,435.0,26.0,42.74,1012.0,3.4,19.46,3.0,21.963423
2018-07-20 13:30:00,814.0,544.0,315.0,25.7,43.5,1012.0,3.5,23.4,3.0,21.332918
2018-07-20 14:00:00,861.0,830.0,130.0,25.5,45.2,1012.0,3.6,28.29,0.0,17.153599
2018-07-20 14:30:00,805.0,815.0,127.0,25.1,46.28,1012.0,3.7,33.7,0.0,21.303473
2018-07-20 15:00:00,738.0,797.0,122.0,24.6,48.8,1012.0,3.7,39.39,0.0,21.526855
2018-07-20 15:30:00,660.0,772.0,117.0,24.0,50.58,1012.0,3.7,45.25,0.0,18.973797
2018-07-20 16:00:00,574.0,740.0,110.0,23.5,53.26,1012.0,3.7,51.18,0.0,17.118092
2018-07-20 16:30:00,482.0,697.0,104.0,22.7,55.88,1012.0,3.6,57.13,0.0,15.149521
2018-07-20 17:00:00,385.0,641.0,95.0,22.0,59.26,1012.0,3.5,63.07,0.0,12.777119
2018-07-20 17:30:00,288.0,568.0,84.0,21.1,62.6,1012.0,3.4,68.96,0.0,10.356138
2018-07-20 18:00:00,193.0,470.0,69.0,20.2,66.05,1013.0,3.3,74.76,0.0,7.611685
2018-07-20 18:30:00,106.0,336.0,50.0,19.4,69.4,1013.0,3.1,80.44,0.0,4.754007
2018-07-21 06:30:00,186.0,416.0,78.0,18.5,71.57,1015.0,2.1,74.89,0.0,0.21825187
2018-07-21 07:00:00,280.0,515.0,96.0,19.4,68.55,1015.0,2.1,69.09,0.0,1.0439221
2018-07-21 07:30:00,378.0,605.0,105.0,20.3,64.84,1015.0,2.1,63.2,0.0,2.463933
2018-07-21 08:00:00,474.0,662.0,116.0,21.2,62.1,1015.0,2.2,57.27,0.0,3.760583
2018-07-21 08:30:00,566.0,706.0,125.0,22.1,58.79,1015.0,2.2,51.32,0.0,7.3632116
2018-07-21 09:00:00,651.0,740.0,131.0,22.9,56.37,1016.0,2.2,45.4,0.0,10.40787
2018-07-21 09:30:00,725.0,753.0,144.0,23.6,54.0,1015.0,2.3,39.55,0.0,13.766564
2018-07-21 10:00:00,787.0,756.0,159.0,24.3,52.09,1015.0,2.4,33.86,0.0,15.777677
2018-07-21 10:30:00,844.0,775.0,163.0,24.7,50.86,1015.0,2.6,28.47,0.0,17.403374
2018-07-21 11:00:00,887.0,790.0,163.0,25.2,49.77,1015.0,2.8,23.59,0.0,18.959204
2018-07-21 11:30:00,917.0,799.0,165.0,25.4,49.18,1015.0,2.9,19.66,0.0,20.45501
2018-07-21 12:00:00,933.0,806.0,164.0,25.6,48.77,1015.0,3.1,17.36,0.0,21.209599
2018-07-21 12:30:00,938.0,824.0,151.0,25.6,48.77,1015.0,3.2,17.35,0.0,22.31552
2018-07-21 13:00:00,930.0,845.0,134.0,25.6,48.41,1015.0,3.3,19.63,0.0,21.810673
2018-07-21 13:30:00,902.0,841.0,131.0,25.3,49.28,1015.0,3.4,23.55,0.0,20.860304
2018-07-21 14:00:00,861.0,835.0,127.0,25.1,48.92,1014.0,3.4,28.41,0.0,22.297138
2018-07-21 14:30:00,806.0,823.0,122.0,24.8,49.8,1014.0,3.4,33.81,0.0,21.587986
2018-07-21 15:00:00,740.0,808.0,117.0,24.5,49.88,1014.0,3.4,39.5,0.0,20.517483
2018-07-21 15:30:00,663.0,787.0,110.0,24.0,51.39,1014.0,3.4,45.34,0.0,19.247227
2018-07-21 16:00:00,578.0,760.0,103.0,23.5,52.17,1014.0,3.4,51.27,0.0,17.60304
2018-07-21 16:30:00,487.0,722.0,96.0,22.8,54.47,1015.0,3.4,57.22,0.0,15.566641
2018-07-21 17:00:00,390.0,674.0,86.0,22.1,55.94,1015.0,3.4,63.16,0.0,13.166015
2018-07-21 17:30:00,293.0,608.0,76.0,21.1,59.46,1015.0,3.3,69.05,0.0,10.543333
2018-07-21 18:00:00,198.0,515.0,63.0,20.2,62.16,1015.0,3.3,74.86,0.0,7.6362996
2018-07-21 18:30:00,109.0,380.0,47.0,19.3,65.71,1015.0,3.1,80.55,0.0,4.7547326
2018-07-22 06:30:00,184.0,484.0,59.0,18.2,83.91,1018.0,2.0,75.01,0.0,0.30756438
2018-07-22 07:00:00,255.0,482.0,84.0,18.9,81.36,1018.0,2.0,69.2,0.0,1.1601179
2018-07-22 07:30:00,357.0,541.0,114.0,19.7,77.43,1018.0,2.1,63.32,0.0,2.429741
2018-07-22 08:00:00,458.0,614.0,127.0,20.5,73.29,1018.0,2.2,57.38,0.0,5.024406
2018-07-22 08:30:00,586.0,793.0,92.0,21.3,69.79,1018.0,2.3,51.43,0.0,5.509751
2018-07-22 09:00:00,673.0,822.0,97.0,22.0,66.0,1018.0,2.3,45.51,0.0,8.37265
2018-07-22 09:30:00,749.0,836.0,106.0,22.6,63.64,1018.0,2.5,39.67,0.0,13.086328
2018-07-22 10:00:00,813.0,842.0,115.0,23.2,60.47,1018.0,2.6,33.99,0.0,15.269276
2018-07-22 10:30:00,870.0,856.0,119.0,23.7,58.68,1018.0,2.7,28.61,0.0,17.414328
2018-07-22 11:00:00,913.0,867.0,119.0,24.2,56.27,1018.0,2.9,23.75,0.0,19.18857
2018-07-22 11:30:00,942.0,874.0,120.0,24.5,55.27,1018.0,3.0,19.84,0.0,20.644773
2018-07-22 12:00:00,957.0,878.0,120.0,24.8,54.01,1018.0,3.2,17.56,0.0,21.612394
2018-07-22 12:30:00,958.0,881.0,118.0,24.9,53.69,1018.0,3.3,17.54,0.0,22.28247
2018-07-22 13:00:00,944.0,883.0,113.0,25.1,53.37,1018.0,3.5,19.8,0.0,22.60499
2018-07-22 13:30:00,915.0,877.0,112.0,25.1,53.37,1018.0,3.6,23.69,0.0,22.684013
2018-07-22 14:00:00,873.0,868.0,110.0,25.0,53.83,1018.0,3.7,28.54,0.0,22.267687
2018-07-22 14:30:00,817.0,856.0,107.0,24.7,54.75,1017.0,3.8,33.92,0.0,21.607372
2018-07-22 15:00:00,749.0,839.0,103.0,24.4,55.84,1017.0,3.9,39.6,0.0,20.743324
2018-07-22 15:30:00,671.0,817.0,98.0,24.0,57.19,1017.0,4.0,45.45,0.0,19.2953
2018-07-22 16:00:00,585.0,789.0,92.0,23.5,58.94,1017.0,4.0,51.37,0.0,17.64344
2018-07-22 16:30:00,492.0,752.0,86.0,22.8,61.53,1018.0,4.0,57.32,0.0,15.680554
2018-07-22 17:00:00,395.0,703.0,79.0,22.1,63.98,1018.0,4.0,63.26,0.0,13.163013
2018-07-22 17:30:00,296.0,637.0,69.0,21.1,68.0,1018.0,3.9,69.16,0.0,10.694533
2018-07-22 18:00:00,200.0,545.0,59.0,20.2,71.39,1018.0,3.9,74.97,0.0,7.757058
2018-07-22 18:30:00,111.0,411.0,44.0,19.2,75.94,1018.0,3.7,80.66,0.0,4.782212
2018-07-23 06:30:00,170.0,448.0,55.0,17.2,79.34,1018.0,2.3,75.13,0.0,0.28356263
2018-07-23 07:00:00,175.0,172.0,114.0,18.0,75.6,1018.0,2.3,69.32,3.0,1.2787465
2018-07-23 07:30:00,354.0,519.0,122.0,19.0,71.03,1018.0,2.3,63.43,0.0,2.810021
2018-07-23 08:00:00,502.0,789.0,78.0,20.0,67.16,1018.0,2.3,57.5,0.0,5.171755
2018-07-23 08:30:00,597.0,826.0,83.0,21.0,63.16,1018.0,2.4,51.55,0.0,7.8659387
2018-07-23 09:00:00,685.0,854.0,88.0,22.0,58.94,1018.0,2.4,45.63,0.0,10.300212
2018-07-23 09:30:00,764.0,877.0,90.0,22.9,55.82,1018.0,2.5,39.79,0.0,13.073115
2018-07-23 10:00:00,834.0,895.0,93.0,23.8,52.59,1017.0,2.6,34.12,0.0,15.4589815
2018-07-23 10:30:00,890.0,905.0,97.0,24.4,50.74,1017.0,2.8,28.75,0.0,17.467916
2018-07-23 11:00:00,933.0,911.0,100.0,25.0,49.38,1017.0,2.9,23.91,0.0,19.1572
2018-07-23 11:30:00,962.0,914.0,103.0,25.3,48.51,1017.0,3.1,20.03,0.0,20.58686
2018-07-23 12:00:00,976.0,912.0,107.0,25.5,48.83,1017.0,3.3,17.76,0.0,21.6106
2018-07-23 12:30:00,976.0,908.0,111.0,25.4,49.12,1017.0,3.5,17.74,0.0,22.307299
2018-07-23 13:00:00,959.0,899.0,114.0,25.3,48.66,1016.0,3.7,19.98,0.0,22.476223
2018-07-23 13:30:00,930.0,894.0,112.0,25.2,48.95,1016.0,4.0,23.85,0.0,22.477495
2018-07-23 14:00:00,888.0,888.0,109.0,25.1,46.81,1016.0,4.2,28.68,0.0,22.295
2018-07-23 14:30:00,831.0,875.0,106.0,24.8,47.65,1016.0,4.3,34.05,0.0,21.743046
2018-07-23 15:00:00,753.0,826.0,118.0,24.6,45.83,1016.0,4.5,39.72,0.0,20.882029
2018-07-23 15:30:00,678.0,823.0,102.0,24.0,47.5,1016.0,4.5,45.55,0.0,19.624308
2018-07-23 16:00:00,590.0,753.0,121.0,23.4,47.79,1016.0,4.6,51.48,0.0,17.921474
2018-07-23 16:30:00,497.0,748.0,94.0,22.5,50.46,1016.0,4.5,57.43,0.0,15.927643
2018-07-23 17:00:00,398.0,665.0,100.0,21.6,52.65,1015.0,4.4,63.37,0.0,13.785902
2018-07-23 17:30:00,298.0,573.0,95.0,20.6,56.03,1016.0,4.2,69.27,7.0,11.299579
2018-07-23 18:00:00,185.0,355.0,94.0,19.5,60.18,1016.0,4.1,75.08,3.0,8.432241
2018-07-23 18:30:00,85.0,48.0,77.0,18.6,63.64,1016.0,3.8,80.77,7.0,5.0847263
2018-07-24 06:00:00,109.0,413.0,44.0,16.7,88.76,1017.0,3.1,80.94,0.0,0.03585431
2018-07-24 06:30:00,200.0,555.0,59.0,17.4,84.92,1017.0,3.1,75.25,0.0,0.41742474
2018-07-24 07:00:00,299.0,653.0,70.0,18.2,82.07,1017.0,3.2,69.44,0.0,1.0603844
2018-07-24 07:30:00,400.0,723.0,78.0,19.0,78.08,1017.0,3.2,63.55,0.0,2.2017102
2018-07-24 08:00:00,499.0,776.0,83.0,19.8,72.87,1017.0,3.1,57.61,0.0,4.763045
2018-07-24 08:30:00,594.0,815.0,88.0,20.7,68.95,1017.0,3.2,51.66,0.0,7.4749355
2018-07-24 09:00:00,683.0,847.0,92.0,21.6,63.47,1017.0,3.3,45.75,0.0,10.338939
2018-07-24 09:30:00,762.0,865.0,99.0,22.3,60.83,1017.0,3.4,39.92,0.0,13.049632
2018-07-24 10:00:00,830.0,878.0,104.0,23.0,55.89,1017.0,3.6,34.25,0.0,15.5514965
2018-07-24 10:30:00,888.0,893.0,106.0,23.4,54.56,1017.0,3.7,28.9,0.0,17.656384
2018-07-24 11:00:00,933.0,904.0,108.0,23.9,51.36,1017.0,3.8,24.08,0.0,19.31565
2018-07-24 11:30:00,963.0,911.0,108.0,24.0,51.05,1017.0,3.9,20.22,0.0,20.767973
2018-07-24 12:00:00,978.0,915.0,108.0,24.1,49.79,1017.0,4.0,17.97,0.0,21.8238
2018-07-24 12:30:00,978.0,913.0,109.0,24.1,49.79,1017.0,4.1,17.95,0.0,22.482138
2018-07-24 13:00:00,963.0,907.0,112.0,24.1,47.88,1017.0,4.2,20.17,0.0,22.821245
2018-07-24 13:30:00,934.0,903.0,109.0,23.9,48.41,1016.0,4.2,24.01,0.0,22.923357
2018-07-24 14:00:00,891.0,896.0,106.0,23.8,46.18,1016.0,4.2,28.82,0.0,22.486647
2018-07-24 14:30:00,835.0,884.0,104.0,23.6,46.73,1016.0,4.2,34.17,0.0,21.85808
2018-07-24 15:00:00,767.0,869.0,100.0,23.3,45.57,1016.0,4.2,39.83,0.0,20.978882
2018-07-24 15:30:00,688.0,848.0,95.0,22.9,46.68,1016.0,4.2,45.67,0.0,19.709059
2018-07-24 16:00:00,600.0,821.0,90.0,22.4,46.73,1016.0,4.2,51.59,0.0,18.025423
2018-07-24 16:30:00,505.0,785.0,84.0,21.7,48.76,1016.0,4.2,57.54,0.0,15.972821
2018-07-24 17:00:00,405.0,739.0,75.0,21.0,50.43,1016.0,4.1,63.48,0.0,13.672023
2018-07-24 17:30:00,304.0,674.0,67.0,20.1,53.3,1016.0,4.0,69.38,0.0,10.935834
2018-07-24 18:00:00,205.0,582.0,56.0,19.1,57.29,1016.0,3.9,75.2,0.0,8.03939
2018-07-24 18:30:00,113.0,446.0,42.0,18.4,59.9,1017.0,3.7,80.9,0.0,5.023412
2018-07-25 06:30:00,131.0,318.0,51.0,17.5,81.97,1017.0,2.9,75.38,0.0,0.31735542
2018-07-25 07:00:00,130.0,7.0,128.0,18.5,77.38,1017.0,2.8,69.56,3.0,1.1893526
2018-07-25 07:30:00,342.0,448.0,143.0,19.5,72.79,1018.0,2.9,63.67,0.0,2.028546
2018-07-25 08:00:00,508.0,818.0,71.0,20.6,65.99,1018.0,3.0,57.73,0.0,4.349714
2018-07-25 08:30:00,604.0,852.0,77.0,21.4,62.84,1018.0,3.1,51.78,0.0,7.5862503
2018-07-25 09:00:00,693.0,877.0,82.0,22.3,58.29,1018.0,3.1,45.87,0.0,10.410672
2018-07-25 09:30:00,772.0,892.0,89.0,23.1,55.54,1018.0,3.2,40.04,0.0,13.232937
2018-07-25 10:00:00,840.0,901.0,96.0,23.8,52.54,1018.0,3.3,34.39,0.0,15.708513
2018-07-25 10:30:00,897.0,912.0,100.0,24.4,50.69,1018.0,3.5,29.05,0.0,17.690182
2018-07-25 11:00:00,940.0,913.0,108.0,25.0,47.22,1017.0,3.6,24.25,0.0,19.258387
2018-07-25 11:30:00,972.0,925.0,105.0,25.2,46.66,1017.0,3.8,20.41,0.0,20.561132
2018-07-25 12:00:00,986.0,926.0,106.0,25.4,45.32,1017.0,4.0,18.18,0.0,21.662018
2018-07-25 12:30:00,987.0,927.0,106.0,25.4,45.32,1017.0,4.2,18.16,0.0,22.171946
2018-07-25 13:00:00,973.0,926.0,105.0,25.3,44.29,1017.0,4.4,20.36,0.0,22.452724
2018-07-25 13:30:00,944.0,920.0,105.0,25.0,45.09,1017.0,4.5,24.18,0.0,22.668797
2018-07-25 14:00:00,885.0,862.0,131.0,24.7,44.07,1016.0,4.7,28.97,0.0,22.462467
2018-07-25 14:30:00,820.0,810.0,151.0,24.2,45.4,1016.0,4.7,34.31,0.0,21.862894
2018-07-25 15:00:00,759.0,822.0,129.0,23.6,45.78,1016.0,4.8,39.96,0.0,20.837246
2018-07-25 15:30:00,693.0,857.0,95.0,22.7,48.32,1016.0,4.8,45.78,0.0,19.513123
2018-07-25 16:00:00,604.0,827.0,91.0,21.9,49.98,1016.0,4.7,51.7,0.0,17.888319
2018-07-25 16:30:00,505.0,767.0,95.0,20.8,53.45,1016.0,4.6,57.65,0.0,15.902843
2018-07-25 17:00:00,401.0,666.0,105.0,19.8,57.21,1016.0,4.5,63.6,7.0,13.42648
2018-07-25 17:30:00,303.0,662.0,71.0,18.9,60.49,1016.0,4.3,69.5,0.0,10.566346
2018-07-25 18:00:00,190.0,395.0,90.0,18.0,63.85,1016.0,4.2,75.32,7.0,7.661843
2018-07-25 18:30:00,98.0,188.0,69.0,17.4,66.3,1016.0,4.0,81.02,7.0,3.5093684
2018-07-25 19:00:00,30.0,49.0,27.0,16.8,71.03,1016.0,3.8,86.51,7.0,2.7106397
2018-07-26 06:30:00,125.0,221.0,70.0,17.3,84.34,1015.0,3.0,75.5,3.0,0.17956658
2018-07-26 07:00:00,244.0,370.0,116.0,18.2,82.14,1015.0,2.9,69.68,0.0,1.1730908
2018-07-26 07:30:00,395.0,699.0,86.0,19.0,78.14,1015.0,2.8,63.79,0.0,2.528562
2018-07-26 08:00:00,499.0,770.0,89.0,19.8,73.51,1015.0,2.7,57.85,0.0,4.693346
2018-07-26 08:30:00,595.0,810.0,95.0,20.7,69.55,1015.0,2.6,51.9,0.0,7.596393
2018-07-26 09:00:00,684.0,840.0,100.0,21.5,64.65,1015.0,2.5,45.99,0.0,10.5300045
2018-07-26 09:30:00,765.0,859.0,109.0,22.4,61.21,1015.0,2.6,40.17,0.0,13.271918
2018-07-26 10:00:00,833.0,870.0,116.0,23.2,56.29,1015.0,2.6,34.53,0.0,15.760614
2018-07-26 10:30:00,892.0,885.0,119.0,23.9,53.97,1015.0,2.8,29.2,0.0,17.920343
2018-07-26 11:00:00,937.0,895.0,122.0,24.5,48.8,1014.0,2.9,24.42,0.0,19.75299
2018-07-26 11:30:00,968.0,903.0,123.0,24.7,48.22,1014.0,3.2,20.61,0.0,21.128979
2018-07-26 12:00:00,985.0,908.0,123.0,24.9,46.04,1014.0,3.4,18.4,0.0,22.22202
2018-07-26 12:30:00,984.0,904.0,126.0,24.7,46.6,1014.0,3.7,18.38,0.0,22.989851
2018-07-26 13:00:00,967.0,894.0,130.0,24.6,45.35,1014.0,3.9,20.56,0.0,23.329802
2018-07-26 13:30:00,937.0,889.0,127.0,24.1,46.73,1014.0,4.1,24.35,0.0,23.430769
2018-07-26 14:00:00,893.0,880.0,124.0,23.7,46.68,1014.0,4.2,29.12,0.0,22.77874
2018-07-26 14:30:00,835.0,866.0,121.0,23.0,48.69,1014.0,4.3,34.45,0.0,22.503428
2018-07-26 15:00:00,765.0,849.0,115.0,22.3,50.25,1014.0,4.3,40.09,0.0,21.269247
2018-07-26 15:30:00,684.0,827.0,109.0,21.5,52.75,1014.0,4.3,45.91,0.0,20.046734
2018-07-26 16:00:00,596.0,800.0,101.0,20.7,55.64,1014.0,4.3,51.82,0.0,18.410364
2018-07-26 16:30:00,500.0,763.0,93.0,19.7,59.17,1014.0,4.2,57.77,0.0,16.510727
2018-07-26 17:00:00,400.0,715.0,83.0,18.7,64.88,1013.0,4.1,63.72,0.0,14.045258
2018-07-26 17:30:00,298.0,648.0,72.0,17.8,68.64,1013.0,4.0,69.62,0.0,11.242747
2018-07-26 18:00:00,199.0,555.0,60.0,16.9,74.23,1013.0,4.0,75.45,0.0,8.190951
2018-07-26 18:30:00,108.0,417.0,44.0,16.3,77.11,1013.0,3.8,81.16,0.0,5.0684724
2018-07-27 06:30:00,168.0,394.0,70.0,16.4,84.64,1014.0,4.3,75.63,0.0,0.27742103
2018-07-27 07:00:00,266.0,472.0,103.0,17.1,82.11,1014.0,4.3,69.81,0.0,0.95213085
2018-07-27 07:30:00,379.0,604.0,113.0,17.7,79.06,1014.0,4.2,63.91,0.0,2.5360937
2018-07-27 08:00:00,493.0,733.0,104.0,18.3,75.48,1014.0,4.1,57.97,0.0,4.498178
2018-07-27 08:30:00,588.0,771.0,114.0,19.0,72.26,1014.0,4.1,52.02,0.0,7.7910438
2018-07-27 09:00:00,678.0,799.0,124.0,19.6,68.58,1015.0,4.1,46.11,0.0,10.137249
2018-07-27 09:30:00,762.0,836.0,124.0,20.2,66.02,1014.0,4.2,40.3,0.0,13.419217
2018-07-27 10:00:00,837.0,870.0,121.0,20.8,61.43,1014.0,4.2,34.67,0.0,15.874811
2018-07-27 10:30:00,896.0,886.0,124.0,21.2,59.94,1014.0,4.3,29.35,0.0,18.017
2018-07-27 11:00:00,942.0,897.0,126.0,21.6,57.2,1014.0,4.3,24.6,0.0,19.963661
2018-07-27 11:30:00,973.0,903.0,129.0,21.7,56.85,1014.0,4.4,20.81,0.0,21.456364
2018-07-27 12:00:00,989.0,907.0,129.0,21.9,55.31,1014.0,4.5,18.62,0.0,22.545973
2018-07-27 12:30:00,994.0,917.0,125.0,21.9,55.31,1014.0,4.5,18.6,0.0,23.34369
2018-07-27 13:00:00,982.0,926.0,116.0,21.9,54.65,1014.0,4.6,20.77,0.0,23.7399
2018-07-27 13:30:00,952.0,923.0,112.0,21.7,55.31,1014.0,4.6,24.53,0.0,23.710035
2018-07-27 14:00:00,909.0,917.0,109.0,21.6,55.11,1014.0,4.6,29.28,0.0,23.515078
2018-07-27 14:30:00,851.0,907.0,104.0,21.3,56.08,1013.0,4.6,34.59,0.0,22.719069
2018-07-27 15:00:00,781.0,893.0,99.0,20.9,56.97,1013.0,4.5,40.22,0.0,21.662651
2018-07-27 15:30:00,701.0,873.0,95.0,20.4,58.74,1013.0,4.4,46.04,0.0,20.2229
2018-07-27 16:00:00,611.0,845.0,90.0,19.9,60.14,1013.0,4.4,51.95,0.0,18.469408
2018-07-27 16:30:00,513.0,806.0,85.0,19.1,63.19,1013.0,4.3,57.9,0.0,16.207582
2018-07-27 17:00:00,410.0,754.0,78.0,18.3,67.17,1013.0,4.2,63.85,0.0,13.446572
2018-07-27 17:30:00,306.0,683.0,70.0,17.3,71.52,1013.0,4.2,69.75,0.0,10.739131
2018-07-27 18:00:00,203.0,580.0,59.0,16.3,77.6,1013.0,4.3,75.58,0.0,7.9700093
2018-07-27 18:30:00,109.0,427.0,44.0,15.6,81.13,1013.0,4.3,81.29,0.0,4.960241
2018-07-27 19:00:00,33.0,187.0,23.0,14.9,85.79,1013.0,4.3,86.79,0.0,3.6092527
2018-07-28 06:30:00,170.0,320.0,91.0,15.8,85.62,1013.0,3.4,75.76,0.0,0.1992303
2018-07-28 07:00:00,244.0,228.0,166.0,16.4,82.99,1014.0,3.2,69.93,3.0,0.73192656
2018-07-28 07:30:00,301.0,123.0,247.0,17.1,79.4,1014.0,3.1,64.03,3.0,1.5363
2018-07-28 08:00:00,424.0,355.0,236.0,17.7,75.06,1014.0,2.9,58.09,0.0,2.9037225
2018-07-28 08:30:00,559.0,615.0,182.0,18.5,71.39,1014.0,2.8,52.14,0.0,4.869146
2018-07-28 09:00:00,647.0,652.0,196.0,19.3,65.81,1014.0,2.7,46.24,0.0,8.081907
2018-07-28 09:30:00,721.0,663.0,216.0,20.1,62.63,1014.0,2.7,40.43,0.0,13.033177
2018-07-28 10:00:00,785.0,662.0,241.0,20.9,57.28,1014.0,2.7,34.81,0.0,15.540538
2018-07-28 10:30:00,844.0,683.0,250.0,21.6,54.83,1013.0,2.8,29.51,0.0,17.698462
2018-07-28 11:00:00,889.0,699.0,254.0,22.2,51.29,1013.0,2.9,24.78,0.0,19.375603
2018-07-28 11:30:00,920.0,709.0,258.0,22.6,50.06,1013.0,3.1,21.02,0.0,20.77833
2018-07-28 12:00:00,937.0,714.0,261.0,22.9,47.92,1013.0,3.2,18.85,0.0,21.76943
2018-07-28 12:30:00,950.0,757.0,234.0,23.1,47.35,1013.0,3.4,18.83,0.0,22.49776
2018-07-28 13:00:00,951.0,810.0,195.0,23.2,46.05,1013.0,3.6,20.98,0.0,22.85061
2018-07-28 13:30:00,923.0,808.0,189.0,23.1,46.33,1013.0,3.8,24.72,0.0,22.85741
2018-07-28 14:00:00,880.0,804.0,180.0,22.9,46.11,1013.0,4.0,29.45,0.0,22.508556
2018-07-28 14:30:00,824.0,795.0,171.0,22.5,47.24,1013.0,4.0,34.74,0.0,21.928501
2018-07-28 15:00:00,751.0,746.0,183.0,22.1,47.88,1012.0,4.1,40.36,0.0,20.961369
2018-07-28 15:30:00,677.0,764.0,148.0,21.5,49.65,1012.0,4.1,46.17,0.0,19.591513
2018-07-28 16:00:00,588.0,741.0,133.0,21.0,51.03,1012.0,4.0,52.08,0.0,17.742943
2018-07-28 16:30:00,492.0,702.0,120.0,20.1,53.93,1012.0,4.0,58.03,0.0,15.529617
2018-07-28 17:00:00,392.0,652.0,106.0,19.3,57.68,1012.0,3.9,63.98,0.0,13.470448
2018-07-28 17:30:00,290.0,577.0,92.0,18.3,61.38,1012.0,3.8,69.89,0.0,10.97901
2018-07-28 18:00:00,190.0,475.0,73.0,17.3,66.98,1013.0,3.7,75.72,0.0,7.58882
2018-07-28 18:30:00,99.0,327.0,50.0,16.5,70.45,1013.0,3.7,81.44,0.0,4.6476226
2018-07-29 06:30:00,133.0,182.0,89.0,16.0,85.24,1015.0,3.3,75.89,3.0,0.23261784
2018-07-29 07:00:00,144.0,15.0,139.0,16.6,81.84,1015.0,3.3,70.06,3.0,1.3043809
2018-07-29 07:30:00,291.0,133.0,233.0,17.2,78.8,1015.0,3.3,64.15,3.0,3.608998
2018-07-29 08:00:00,394.0,218.0,279.0,17.9,73.27,1015.0,3.2,58.21,3.0,5.7525606
2018-07-29 08:30:00,482.0,267.0,319.0,18.3,71.45,1015.0,3.2,52.27,3.0,7.428952
2018-07-29 09:00:00,587.0,358.0,340.0,18.8,66.98,1015.0,3.1,46.37,3.0,10.499189
2018-07-29 09:30:00,678.0,522.0,281.0,19.2,65.34,1015.0,3.1,40.56,3.0,13.394623
2018-07-29 10:00:00,814.0,814.0,147.0,19.6,61.56,1015.0,3.0,34.95,0.0,15.386934
2018-07-29 10:30:00,872.0,831.0,150.0,19.9,60.43,1015.0,3.1,29.67,0.0,15.811229
2018-07-29 11:00:00,918.0,844.0,153.0,20.2,57.42,1015.0,3.1,24.96,0.0,18.970943
2018-07-29 11:30:00,844.0,522.0,357.0,20.4,56.72,1015.0,3.2,21.23,3.0,21.138372
2018-07-29 12:00:00,829.0,532.0,326.0,20.5,54.89,1015.0,3.3,19.08,7.0,22.200497
2018-07-29 12:30:00,791.0,497.0,321.0,20.5,54.89,1015.0,3.4,19.07,7.0,22.92375
2018-07-29 13:00:00,734.0,321.0,435.0,20.4,54.14,1015.0,3.6,21.2,7.0,24.137154
2018-07-29 13:30:00,709.0,300.0,437.0,20.1,55.15,1015.0,3.7,24.91,7.0,22.177721
2018-07-29 14:00:00,718.0,403.0,368.0,19.8,55.32,1015.0,3.7,29.62,7.0,24.223997
2018-07-29 14:30:00,698.0,475.0,308.0,19.5,56.35,1015.0,3.8,34.9,7.0,21.74482
2018-07-29 15:00:00,677.0,597.0,223.0,19.2,56.78,1015.0,3.9,40.51,7.0,19.234133
2018-07-29 15:30:00,628.0,565.0,238.0,18.9,57.85,1015.0,4.0,46.31,7.0,14.942292
2018-07-29 16:00:00,564.0,584.0,206.0,18.6,58.73,1015.0,4.0,52.22,3.0,12.870009
2018-07-29 16:30:00,482.0,674.0,127.0,17.9,61.36,1015.0,4.1,58.17,0.0,14.413762
2018-07-29 17:00:00,361.0,435.0,171.0,17.3,64.32,1015.0,4.2,64.11,4.0,13.896038
2018-07-29 17:30:00,278.0,518.0,101.0,16.6,67.23,1015.0,4.2,70.03,3.0,10.765072
2018-07-29 18:00:00,168.0,332.0,87.0,15.9,70.99,1015.0,4.1,75.86,0.0,8.221449
2018-07-29 18:30:00,63.0,3.0,63.0,15.4,73.29,1015.0,3.9,81.58,4.0,4.7284265
2018-07-30 06:30:00,158.0,346.0,74.0,16.1,83.6,1014.0,3.5,76.02,0.0,0.07707122
2018-07-30 07:00:00,147.0,9.0,144.0,16.9,80.01,1014.0,3.5,70.18,3.0,0.48466837
2018-07-30 07:30:00,257.0,175.0,181.0,17.6,76.56,1014.0,3.3,64.28,3.0,1.5791241
2018-07-30 08:00:00,479.0,702.0,110.0,18.2,71.11,1014.0,3.2,58.33,0.0,3.5444238
2018-07-30 08:30:00,503.0,379.0,272.0,18.9,68.07,1014.0,3.1,52.39,3.0,5.1004624
2018-07-30 09:00:00,660.0,751.0,143.0,19.5,63.24,1015.0,3.0,46.49,0.0,9.688099
2018-07-30 09:30:00,756.0,845.0,115.0,20.2,60.5,1014.0,3.0,40.7,0.0,11.953013
2018-07-30 10:00:00,827.0,867.0,118.0,21.0,55.08,1014.0,3.0,35.1,0.0,15.912708
2018-07-30 10:30:00,887.0,883.0,121.0,21.8,52.45,1014.0,3.1,29.83,0.0,17.426172
2018-07-30 11:00:00,933.0,896.0,122.0,22.6,46.3,1014.0,3.2,25.15,0.0,19.51958
2018-07-30 11:30:00,964.0,904.0,123.0,23.1,44.92,1014.0,3.2,21.44,0.0,21.053095
2018-07-30 12:00:00,981.0,909.0,123.0,23.6,41.38,1014.0,3.3,19.32,0.0,22.316612
2018-07-30 12:30:00,981.0,907.0,125.0,23.8,40.85,1013.0,3.4,19.31,0.0,23.00403
2018-07-30 13:00:00,964.0,901.0,125.0,24.0,39.47,1013.0,3.5,21.42,0.0,23.511
2018-07-30 13:30:00,934.0,894.0,124.0,23.9,39.71,1013.0,3.6,25.11,0.0,23.605652
2018-07-30 14:00:00,889.0,882.0,124.0,23.8,40.14,1013.0,3.7,29.8,0.0,22.22779
2018-07-30 14:30:00,830.0,866.0,121.0,23.4,41.11,1013.0,3.8,35.06,0.0,22.524652
2018-07-30 15:00:00,758.0,844.0,118.0,23.0,42.6,1013.0,3.8,40.66,0.0,21.206808
2018-07-30 15:30:00,675.0,812.0,116.0,22.4,44.17,1013.0,3.8,46.46,0.0,19.83692
2018-07-30 16:00:00,583.0,771.0,112.0,21.7,46.79,1013.0,3.8,52.36,0.0,18.216864
2018-07-30 16:30:00,485.0,719.0,107.0,20.9,49.13,1013.0,3.8,58.31,0.0,16.106218
2018-07-30 17:00:00,382.0,649.0,100.0,20.0,53.22,1013.0,3.8,64.26,0.0,13.771186
2018-07-30 17:30:00,279.0,558.0,90.0,18.7,57.69,1013.0,3.8,70.17,0.0,11.082033
2018-07-30 18:00:00,179.0,435.0,74.0,17.5,64.87,1013.0,3.8,76.01,0.0,8.105745
2018-07-30 18:30:00,90.0,282.0,49.0,16.6,68.66,1013.0,3.7,81.74,0.0,4.9597516
2018-07-31 06:30:00,146.0,339.0,65.0,16.0,83.78,1014.0,3.1,76.15,0.0,0.23852597
2018-07-31 07:00:00,124.0,4.0,123.0,16.9,80.79,1014.0,3.0,70.31,3.0,0.8352835
2018-07-31 07:30:00,283.0,227.0,185.0,17.6,77.31,1014.0,2.9,64.4,3.0,1.8959233
2018-07-31 08:00:00,451.0,574.0,151.0,18.4,71.61,1014.0,2.8,58.46,0.0,3.156281
2018-07-31 08:30:00,569.0,720.0,131.0,19.2,68.2,1015.0,2.8,52.52,0.0,5.2438464
2018-07-31 09:00:00,658.0,752.0,142.0,20.1,62.18,1015.0,2.7,46.62,0.0,7.9542823
2018-07-31 09:30:00,738.0,779.0,149.0,20.9,59.2,1015.0,2.7,40.84,0.0,12.981898
2018-07-31 10:00:00,809.0,800.0,156.0,21.7,52.92,1015.0,2.7,35.25,0.0,15.525493
2018-07-31 10:30:00,852.0,744.0,208.0,22.3,51.02,1015.0,2.8,30.0,0.0,17.704649
2018-07-31 11:00:00,806.0,441.0,407.0,22.9,46.88,1015.0,2.9,25.34,3.0,19.629383
2018-07-31 11:30:00,866.0,575.0,332.0,23.2,45.99,1014.0,3.0,21.66,0.0,21.366158
2018-07-31 12:00:00,955.0,834.0,169.0,23.6,42.16,1014.0,3.2,19.56,0.0,21.854265
2018-07-31 12:30:00,956.0,839.0,165.0,23.6,42.16,1014.0,3.4,19.55,0.0,22.150805
2018-07-31 13:00:00,943.0,842.0,160.0,23.7,40.61,1014.0,3.6,21.65,0.0,23.169035
2018-07-31 13:30:00,913.0,837.0,156.0,23.4,41.3,1013.0,3.8,25.32,0.0,23.11769
2018-07-31 14:00:00,869.0,829.0,151.0,23.2,41.43,1013.0,3.9,29.98,0.0,22.867804
2018-07-31 14:30:00,812.0,817.0,145.0,22.8,42.44,1013.0,4.0,35.23,0.0,22.141735
2018-07-31 15:00:00,742.0,801.0,136.0,22.4,43.47,1013.0,4.1,40.82,0.0,21.020536
2018-07-31 15:30:00,662.0,779.0,127.0,21.7,45.36,1013.0,4.1,46.61,0.0,19.783735
2018-07-31 16:00:00,574.0,752.0,116.0,21.0,48.33,1013.0,4.2,52.51,0.0,18.180534
2018-07-31 16:30:00,479.0,712.0,106.0,20.0,51.34,1012.0,4.1,58.45,0.0,16.106346
2018-07-31 17:00:00,379.0,658.0,95.0,18.9,57.13,1012.0,4.1,64.4,0.0,13.728449
2018-07-31 17:30:00,279.0,585.0,82.0,17.8,61.2,1012.0,4.0,70.32,0.0,10.98773
2018-07-31 18:00:00,181.0,485.0,65.0,16.6,68.86,1012.0,3.9,76.17,0.0,7.9975553
2018-07-31 18:30:00,92.0,340.0,44.0,15.9,71.99,1012.0,3.8,81.89,0.0,4.8983884
